mtllib FloorTrim.mtl
g Layer 3
v -0.601624 0.018921 250.554688
v 0.490662 0.000549 250.554688
v -0.608032 0.714661 250.554688
v -0.829163 0.010925 250.554688
v -0.828613 0.487183 250.554688
v -0.864990 0.452332 250.554688
v -0.881836 0.422852 250.554688
v -0.888550 0.412231 250.554688
v -0.931458 0.333801 250.554688
v -0.915710 0.014160 250.554688
v -1.028381 0.032410 250.554688
v -0.993774 0.024231 250.554688
v -0.955322 0.285095 250.554688
v -0.959656 0.277344 250.554688
v -0.971619 0.253357 250.554688
v -1.086365 0.056396 250.554688
v -1.059387 0.043030 250.554688
v -1.111938 0.073669 250.554688
v -0.940613 0.314880 250.554688
v -1.137451 0.094727 250.554688
v -0.940979 0.313965 250.554688
v -1.162598 0.119141 250.554688
v -1.210144 0.176025 250.554688
v -0.875488 0.449280 250.554688
v -1.251709 0.240723 250.554688
v -1.284302 0.309692 250.554688
v -1.020813 0.417053 250.554688
v -1.296387 0.344666 250.554688
v -1.093689 0.404968 250.554688
v -1.305054 0.379272 250.554688
v -0.114014 1.901855 250.554688
v -0.423096 2.043274 250.554688
v -0.973206 2.342957 250.554688
v -1.024170 2.381226 250.554688
v -1.296143 2.253540 250.554688
v -1.312683 2.366211 250.554688
v -1.304626 2.332642 250.554688
v -1.102661 2.432617 250.554688
v -1.134827 2.450623 250.554688
v -1.210815 2.453613 250.554688
v -1.236694 2.451904 250.554688
v -1.308289 2.444397 250.554688
v -1.323914 2.394531 250.554688
v -1.338562 2.416565 250.554688
v -1.357117 2.431396 250.554688
v -1.332214 2.494141 250.554688
v -1.185486 2.517883 250.554688
v -1.292297 2.575806 250.554688
v -1.278381 2.599121 250.554688
v -1.210693 2.554504 250.554688
v -1.265076 2.617493 250.554688
v -1.232605 2.589478 250.554688
v -1.252991 2.629272 250.554688
v -1.075928 2.660522 250.554688
v -0.804321 2.245605 250.554688
v -1.040955 2.677429 250.554688
v -0.852905 2.276245 250.554688
v -0.634460 2.150146 250.554688
v -1.006226 2.698853 250.554688
v -0.971924 2.724304 250.554688
v -0.938477 2.753479 250.554688
v 0.064453 1.951050 250.554688
v 0.077576 2.040833 250.554688
v 0.097351 2.283997 250.554688
v 0.103027 2.320129 250.554688
v -0.875366 2.821289 250.554688
v 0.115356 2.452942 250.554688
v 0.128723 2.549927 250.554688
v -0.819519 2.899048 250.554688
v 0.131226 2.578979 250.554688
v 0.144897 2.686279 250.554688
v -0.773560 2.983582 250.554688
v 0.150024 2.742737 250.554688
v 0.158203 2.806946 250.554688
v -0.755127 3.027466 250.554688
v -0.728882 3.116333 250.554688
v -0.740112 3.071838 250.554688
v 0.168945 2.931091 250.554688
v 0.200073 3.345764 250.554688
v -0.721741 3.160522 250.554688
v 0.170959 2.978333 250.554688
v -0.741394 3.192139 250.554688
v 0.076416 3.777222 250.554688
v 0.020691 3.932861 250.554688
v -0.763794 3.219482 250.554688
v -0.035645 4.067810 250.554688
v -0.788208 3.243713 250.554688
v -0.917786 3.352722 250.554688
v -0.511536 3.748352 250.554688
v -0.964783 3.411682 250.554688
v -0.108032 4.260132 250.554688
v -1.111633 3.624207 250.554688
v -1.199341 3.775635 250.554688
v -0.237366 4.279236 250.554688
v -0.266785 4.271423 250.554688
v -0.499756 4.200684 250.554688
v -1.279846 3.964844 250.554688
v -1.252991 3.889709 250.554688
v -0.530884 4.192871 250.554688
v -1.298462 4.038574 250.554688
v -1.315247 4.150208 250.554688
v -0.138245 4.686646 250.554688
v -1.355164 4.641663 250.554688
v -0.138062 4.731873 250.554688
v -1.329346 4.993103 250.554688
v -1.353516 4.823547 250.554688
v -0.137329 4.742737 250.554688
v -1.285217 5.151001 250.554688
v -0.136230 4.750610 250.554688
v -1.223511 5.297791 250.554688
v -0.133606 4.763977 250.554688
v -1.146851 5.433960 250.554688
v -0.127075 4.788818 250.554688
v -1.057617 5.560181 250.554688
v -0.114563 4.828430 250.554688
v -0.958313 5.677002 250.554688
v -0.097595 4.874634 250.554688
v -0.796082 5.835815 250.554688
v -0.047607 4.993835 250.554688
v -0.567932 6.019897 250.554688
v 0.051331 5.201233 250.554688
v 0.334167 5.749512 250.554688
v -0.398804 6.139648 250.554688
v 0.340515 6.328430 250.554688
v 0.008606 6.469177 250.554688
v -0.376343 6.611389 250.554688
v -0.388428 6.577209 250.554688
v -0.228333 6.547791 250.554688
v -0.165588 6.531921 250.554688
v -0.359497 6.644409 250.554688
v -0.126709 6.519836 250.554688
v -0.338623 6.676331 250.554688
v -0.287842 6.737488 250.554688
v 0.415710 6.512329 250.554688
v -0.096741 6.931335 250.554688
v -0.080872 6.954956 250.554688
v 0.455750 6.643860 250.554688
v -0.068787 6.979431 250.554688
v 0.479370 6.745605 250.554688
v -0.059631 7.004700 250.554688
v 0.495178 6.835815 250.554688
v 0.509583 6.955200 250.554688
v 0.227417 7.058716 250.554688
v -0.016479 7.164795 250.554688
v -0.026672 7.137695 250.554688
v 0.617004 7.415222 250.554688
v 0.197021 7.595093 250.554688
v 0.262207 7.774414 250.554688
v 0.658020 7.649170 250.554688
v 0.299072 7.910522 250.554688
v 0.681885 7.829834 250.554688
v 0.322388 8.063477 250.554688
v 0.696838 8.030396 250.554688
v 0.326294 8.221252 250.554688
v 0.699219 8.231812 250.554688
v 0.690979 8.429810 250.554688
v 0.313232 8.381897 250.554688
v 0.673706 8.629028 250.554688
v 0.285339 8.543335 250.554688
v 0.635620 8.914856 250.554688
v 0.220825 8.782715 250.554688
v 0.584351 9.200256 250.554688
v 0.135925 9.012634 250.554688
v 0.505066 9.554199 250.554688
v 0.004456 9.292786 250.554688
v 0.423401 9.876526 250.554688
v -0.131287 9.528015 250.554688
v 0.459045 9.725342 250.554688
v 0.368958 10.090454 250.554688
v -0.224915 9.665283 250.554688
v 0.388428 10.003479 250.554688
v 0.229065 10.265625 250.554688
v 0.178101 10.250977 250.554688
v 0.350525 10.164307 250.554688
v 0.160767 10.247070 250.554688
v 0.152283 10.244812 250.554688
v -0.384094 9.877197 250.554688
v 0.127563 10.239807 250.554688
v 0.094116 10.231750 250.554688
v -0.427490 9.951416 250.554688
v -0.475708 10.075317 250.554688
v -0.462280 10.031921 250.554688
v -0.002563 10.201660 250.554688
v 0.061279 10.222473 250.554688
v -0.486084 10.121277 250.554688
v -0.493103 10.170044 250.554688
v -0.496521 10.221985 250.554688
v -0.496033 10.277466 250.554688
v 0.134460 10.326233 250.554688
v 0.066833 10.383179 250.554688
v -0.435242 10.629272 250.554688
v -0.471741 10.566772 250.554688
v -0.201355 10.481323 250.554688
v -0.000854 10.410034 250.554688
v -0.389221 10.696594 250.554688
v -0.336243 10.763184 250.554688
v 0.022949 10.450562 250.554688
v -0.057739 10.587402 250.554688
v -0.064331 10.600525 250.554688
v -0.249451 10.849487 250.554688
v -0.278931 10.823486 250.554688
v -0.085999 10.649109 250.554688
v -0.219849 10.871765 250.554688
v -0.111328 10.712036 250.554688
v -0.130615 10.767883 250.554688
v -0.135681 10.780640 250.554688
v -0.171265 10.897461 250.554688
v -0.190491 10.889709 250.554688
v -0.152588 10.901367 250.554688
v -0.117798 10.905518 250.554688
v -0.102234 10.909546 250.554688
v 0.335266 10.243530 250.554688
v 0.367493 10.285156 250.554688
v 0.563965 10.548157 250.554688
v -0.075928 10.931335 250.554688
v 0.500061 10.483032 250.554688
v 0.364563 10.747986 250.554688
v 0.154541 10.958923 250.554688
v 0.091064 11.155762 250.554688
v -0.002991 11.129272 250.554688
v 0.182800 11.189148 250.554688
v 0.607422 10.582642 250.554688
v 0.270325 11.229553 250.554688
v 0.615723 10.588806 250.554688
v 0.705750 10.742310 250.554688
v 0.424744 11.331665 250.554688
v 0.351624 11.277039 250.554688
v 0.784729 10.896118 250.554688
v 0.457642 11.361633 250.554688
v 0.825745 10.986816 250.554688
v 0.487732 11.393494 250.554688
v 0.859375 11.068970 250.554688
v 0.882507 11.132751 250.554688
v 0.888977 11.151672 250.554688
v 0.538696 11.462585 250.554688
v 0.514832 11.427124 250.554688
v 0.915039 11.241333 250.554688
v 0.552612 11.489868 250.554688
v 0.933289 11.321716 250.554688
v 0.564270 11.520874 250.554688
v 0.945862 11.395691 250.554688
v 0.951721 11.442932 250.554688
v 0.778137 11.672607 250.554688
v 0.636963 11.759949 250.554688
v 0.623047 11.730225 250.554688
v 0.769592 11.686096 250.554688
v 0.766235 11.692322 250.554688
v 0.753845 11.705139 250.554688
v 0.674072 11.806335 250.554688
v 0.653748 11.785645 250.554688
v 0.726135 11.837585 250.554688
v 0.998657 11.490906 250.554688
v 1.076599 11.578186 250.554688
v 1.130432 11.633911 250.554688
v 1.183838 11.696106 250.554688
v 1.087463 11.836731 250.554688
v 1.199707 11.713257 250.554688
v 1.223511 11.742676 250.554688
v 1.199524 11.827515 250.554688
v 1.282837 11.800476 250.554688
v 1.267822 11.816772 250.554688
v 1.243958 11.772156 250.554688
v 1.296082 11.776917 250.554688
v 1.307739 11.746765 250.554688
v 1.326355 11.668579 250.554688
v 1.344238 11.515259 250.554688
v 1.353638 11.134094 250.554688
v 0.819946 10.497192 250.554688
v 0.841187 10.484436 250.554688
v 1.007263 10.394104 250.554688
v 1.098145 10.334961 250.554688
v 1.341614 10.497009 250.554688
v 1.229675 10.232300 250.554688
v 1.253174 10.212830 250.554688
v 1.357056 10.273254 250.554688
v 1.349670 10.172913 250.554688
v 1.354553 10.202759 250.554688
v 1.277039 10.190369 250.554688
v 1.292114 10.173950 250.554688
v 1.298462 10.167847 250.554688
v 1.330261 10.129333 250.554688
v 1.341736 10.148071 250.554688
v 1.307922 10.120972 250.554688
v 1.255310 10.109070 250.554688
v 1.156311 10.292847 250.554688
v 1.199341 10.098450 250.554688
v 1.185303 10.270447 250.554688
v 1.172791 10.091736 250.554688
v 1.148621 10.083008 250.554688
v 1.127869 10.071472 250.554688
v 1.111572 10.056396 250.554688
v 1.102539 10.034668 250.554688
v 0.396729 10.318176 250.554688
v 1.094727 10.005676 250.554688
v 1.082336 9.927673 250.554688
v 1.069031 9.707397 250.554688
v 1.093689 2.846985 250.554688
v 1.106201 2.761658 250.554688
v 1.113892 2.728027 250.554688
v 1.122559 2.701111 250.554688
v 0.632813 2.081665 250.554688
v 1.132385 2.681335 250.554688
v 1.351074 2.618835 250.554688
v 0.500916 0.836121 250.554688
v 1.226685 0.049805 250.554688
v 1.330261 0.077209 250.554688
v 1.199341 0.178955 250.554688
v 1.013000 0.339111 250.554688
v 1.049377 0.021423 250.554688
v 0.757813 0.579224 250.554688
v 0.781494 0.002930 250.554688
v 0.562622 0.773438 250.554688
v 0.564758 0.000000 250.554688
v 0.019958 1.329285 250.554688
v 0.023315 1.847412 250.554688
v -0.072754 4.147339 250.554688
v -0.122864 4.315063 250.554688
v -0.088196 10.917542 250.554688
v 0.570435 10.557861 250.554688
v 1.081238 3.013184 250.554688
v 1.330261 0.077209 185.606689
v 1.330261 0.077209 250.554688
v 1.226685 0.049805 250.554688
v 1.226685 0.049805 185.606689
v 1.049377 0.021423 250.554688
v 1.049377 0.021423 185.606689
v 0.781494 0.002930 250.554688
v 0.781494 0.002930 185.606689
v 0.564758 0.000000 250.554688
v 0.564758 0.000000 185.606689
v 0.490662 0.000549 250.554688
v 0.490662 0.000549 185.606689
v -0.601624 0.018921 250.554688
v -0.601624 0.018921 185.606689
v -0.829163 0.010925 250.554688
v -0.829163 0.010925 185.606689
v -0.915710 0.014160 250.554688
v -0.915710 0.014160 185.606689
v -0.993774 0.024231 250.554688
v -0.993774 0.024231 185.606689
v -1.028381 0.032410 250.554688
v -1.028381 0.032410 185.606689
v -1.059387 0.043030 250.554688
v -1.059387 0.043030 185.606689
v -1.086365 0.056396 250.554688
v -1.086365 0.056396 185.606689
v -1.111938 0.073669 250.554688
v -1.111938 0.073669 185.606689
v -1.137451 0.094727 250.554688
v -1.137451 0.094727 185.606689
v -1.162598 0.119141 250.554688
v -1.162598 0.119141 185.606689
v -1.210144 0.176025 250.554688
v -1.210144 0.176025 185.606689
v -1.251709 0.240723 250.554688
v -1.251709 0.240723 185.606689
v -1.284302 0.309692 250.554688
v -1.284302 0.309692 185.606689
v -1.296387 0.344666 250.554688
v -1.296387 0.344666 185.606689
v -1.305054 0.379272 250.554688
v -1.305054 0.379272 185.606689
v -1.296143 2.253540 250.554688
v -1.296143 2.253540 185.606689
v -1.304626 2.332642 250.554688
v -1.304626 2.332642 185.606689
v -1.312683 2.366211 250.554688
v -1.312683 2.366211 185.606689
v -1.323914 2.394531 250.554688
v -1.323914 2.394531 185.606689
v -1.338562 2.416565 250.554688
v -1.338562 2.416565 185.606689
v -1.357117 2.431396 250.554688
v -1.357117 2.431396 185.606689
v -1.357117 2.431396 185.606689
v -1.357117 2.431396 250.554688
v -1.332214 2.494141 250.554688
v -1.332214 2.494141 185.606689
v -1.292297 2.575806 250.554688
v -1.292297 2.575806 185.606689
v -1.278381 2.599121 250.554688
v -1.278381 2.599121 185.606689
v -1.265076 2.617493 250.554688
v -1.265076 2.617493 185.606689
v -1.252991 2.629272 250.554688
v -1.252991 2.629272 185.606689
v -1.252991 2.629272 185.606689
v -1.252991 2.629272 250.554688
v -1.075928 2.660522 250.554688
v -1.075928 2.660522 185.606689
v -1.040955 2.677429 250.554688
v -1.040955 2.677429 185.606689
v -1.006226 2.698853 250.554688
v -1.006226 2.698853 185.606689
v -0.971924 2.724304 250.554688
v -0.971924 2.724304 185.606689
v -0.938477 2.753479 250.554688
v -0.938477 2.753479 185.606689
v -0.875366 2.821289 250.554688
v -0.875366 2.821289 185.606689
v -0.819519 2.899048 250.554688
v -0.819519 2.899048 185.606689
v -0.773560 2.983582 250.554688
v -0.773560 2.983582 185.606689
v -0.755127 3.027466 250.554688
v -0.755127 3.027466 185.606689
v -0.740112 3.071838 250.554688
v -0.740112 3.071838 185.606689
v -0.728882 3.116333 250.554688
v -0.728882 3.116333 185.606689
v -0.721741 3.160522 250.554688
v -0.721741 3.160522 185.606689
v -0.721741 3.160522 185.606689
v -0.721741 3.160522 250.554688
v -0.741394 3.192139 250.554688
v -0.741394 3.192139 185.606689
v -0.763794 3.219482 250.554688
v -0.763794 3.219482 185.606689
v -0.788208 3.243713 250.554688
v -0.788208 3.243713 185.606689
v -0.917786 3.352722 250.554688
v -0.917786 3.352722 185.606689
v -0.964783 3.411682 250.554688
v -0.964783 3.411682 185.606689
v -1.111633 3.624207 250.554688
v -1.111633 3.624207 185.606689
v -1.199341 3.775635 250.554688
v -1.199341 3.775635 185.606689
v -1.252991 3.889709 250.554688
v -1.252991 3.889709 185.606689
v -1.279846 3.964844 250.554688
v -1.279846 3.964844 185.606689
v -1.298462 4.038574 250.554688
v -1.298462 4.038574 185.606689
v -1.315247 4.150208 250.554688
v -1.315247 4.150208 185.606689
v -1.355164 4.641663 250.554688
v -1.355164 4.641663 185.606689
v -1.353516 4.823547 250.554688
v -1.353516 4.823547 185.606689
v -1.329346 4.993103 250.554688
v -1.329346 4.993103 185.606689
v -1.285217 5.151001 250.554688
v -1.285217 5.151001 185.606689
v -1.223511 5.297791 250.554688
v -1.223511 5.297791 185.606689
v -1.146851 5.433960 250.554688
v -1.146851 5.433960 185.606689
v -1.057617 5.560181 250.554688
v -1.057617 5.560181 185.606689
v -0.958313 5.677002 250.554688
v -0.958313 5.677002 185.606689
v -0.796082 5.835815 250.554688
v -0.796082 5.835815 185.606689
v -0.567932 6.019897 250.554688
v -0.567932 6.019897 185.606689
v -0.398804 6.139648 250.554688
v -0.398804 6.139648 185.606689
v -0.398804 6.139648 185.606689
v -0.398804 6.139648 250.554688
v -0.388428 6.577209 250.554688
v -0.388428 6.577209 185.606689
v -0.376343 6.611389 250.554688
v -0.376343 6.611389 185.606689
v -0.359497 6.644409 250.554688
v -0.359497 6.644409 185.606689
v -0.338623 6.676331 250.554688
v -0.338623 6.676331 185.606689
v -0.287842 6.737488 250.554688
v -0.287842 6.737488 185.606689
v -0.096741 6.931335 250.554688
v -0.096741 6.931335 185.606689
v -0.080872 6.954956 250.554688
v -0.080872 6.954956 185.606689
v -0.068787 6.979431 250.554688
v -0.068787 6.979431 185.606689
v -0.059631 7.004700 250.554688
v -0.059631 7.004700 185.606689
v -0.026672 7.137695 250.554688
v -0.026672 7.137695 185.606689
v -0.016479 7.164795 250.554688
v -0.016479 7.164795 185.606689
v 0.197021 7.595093 250.554688
v 0.197021 7.595093 185.606689
v 0.262207 7.774414 250.554688
v 0.262207 7.774414 185.606689
v 0.299072 7.910522 250.554688
v 0.299072 7.910522 185.606689
v 0.322388 8.063477 250.554688
v 0.322388 8.063477 185.606689
v 0.326294 8.221252 250.554688
v 0.326294 8.221252 185.606689
v 0.313232 8.381897 250.554688
v 0.313232 8.381897 185.606689
v 0.285339 8.543335 250.554688
v 0.285339 8.543335 185.606689
v 0.220825 8.782715 250.554688
v 0.220825 8.782715 185.606689
v 0.135925 9.012634 250.554688
v 0.135925 9.012634 185.606689
v 0.004456 9.292786 250.554688
v 0.004456 9.292786 185.606689
v -0.131287 9.528015 250.554688
v -0.131287 9.528015 185.606689
v -0.224915 9.665283 250.554688
v -0.224915 9.665283 185.606689
v -0.384094 9.877197 250.554688
v -0.384094 9.877197 185.606689
v -0.427490 9.951416 250.554688
v -0.427490 9.951416 185.606689
v -0.462280 10.031921 250.554688
v -0.462280 10.031921 185.606689
v -0.475708 10.075317 250.554688
v -0.475708 10.075317 185.606689
v -0.486084 10.121277 250.554688
v -0.486084 10.121277 185.606689
v -0.493103 10.170044 250.554688
v -0.493103 10.170044 185.606689
v -0.496521 10.221985 250.554688
v -0.496521 10.221985 185.606689
v -0.496033 10.277466 250.554688
v -0.496033 10.277466 185.606689
v -0.471741 10.566772 250.554688
v -0.471741 10.566772 185.606689
v -0.435242 10.629272 250.554688
v -0.435242 10.629272 185.606689
v -0.389221 10.696594 250.554688
v -0.389221 10.696594 185.606689
v -0.336243 10.763184 250.554688
v -0.336243 10.763184 185.606689
v -0.278931 10.823486 250.554688
v -0.278931 10.823486 185.606689
v -0.249451 10.849487 250.554688
v -0.249451 10.849487 185.606689
v -0.219849 10.871765 250.554688
v -0.219849 10.871765 185.606689
v -0.190491 10.889709 250.554688
v -0.190491 10.889709 185.606689
v -0.171265 10.897461 250.554688
v -0.171265 10.897461 185.606689
v -0.152588 10.901367 250.554688
v -0.152588 10.901367 185.606689
v -0.117798 10.905518 250.554688
v -0.117798 10.905518 185.606689
v -0.102234 10.909546 250.554688
v -0.102234 10.909546 185.606689
v -0.088196 10.917542 250.554688
v -0.088196 10.917542 185.606689
v -0.082031 10.924438 250.554688
v -0.082031 10.924438 185.606689
v -0.075928 10.931335 250.554688
v -0.075928 10.931335 185.606689
v -0.002991 11.129272 250.554688
v -0.002991 11.129272 185.606689
v -0.002991 11.129272 185.606689
v -0.002991 11.129272 250.554688
v 0.091064 11.155762 250.554688
v 0.091064 11.155762 185.606689
v 0.182800 11.189148 250.554688
v 0.182800 11.189148 185.606689
v 0.270325 11.229553 250.554688
v 0.270325 11.229553 185.606689
v 0.351624 11.277039 250.554688
v 0.351624 11.277039 185.606689
v 0.424744 11.331665 250.554688
v 0.424744 11.331665 185.606689
v 0.457642 11.361633 250.554688
v 0.457642 11.361633 185.606689
v 0.487732 11.393494 250.554688
v 0.487732 11.393494 185.606689
v 0.514832 11.427124 250.554688
v 0.514832 11.427124 185.606689
v 0.538696 11.462585 250.554688
v 0.538696 11.462585 185.606689
v 0.552612 11.489868 250.554688
v 0.552612 11.489868 185.606689
v 0.564270 11.520874 250.554688
v 0.564270 11.520874 185.606689
v 0.623047 11.730225 250.554688
v 0.623047 11.730225 185.606689
v 0.636963 11.759949 250.554688
v 0.636963 11.759949 185.606689
v 0.653748 11.785645 250.554688
v 0.653748 11.785645 185.606689
v 0.674072 11.806335 250.554688
v 0.674072 11.806335 185.606689
v 0.726135 11.837585 250.554688
v 0.726135 11.837585 185.606689
v 0.726135 11.837585 185.606689
v 0.726135 11.837585 250.554688
v 1.087463 11.836731 250.554688
v 1.087463 11.836731 185.606689
v 1.199524 11.827515 250.554688
v 1.199524 11.827515 185.606689
v 1.267822 11.816772 250.554688
v 1.267822 11.816772 185.606689
v 1.267822 11.816772 185.606689
v 1.267822 11.816772 250.554688
v 1.282837 11.800476 250.554688
v 1.282837 11.800476 185.606689
v 1.296082 11.776917 250.554688
v 1.296082 11.776917 185.606689
v 1.307739 11.746765 250.554688
v 1.307739 11.746765 185.606689
v 1.326355 11.668579 250.554688
v 1.326355 11.668579 185.606689
v 1.344238 11.515259 250.554688
v 1.344238 11.515259 185.606689
v 1.353638 11.134094 250.554688
v 1.353638 11.134094 185.606689
v 1.341614 10.497009 250.554688
v 1.341614 10.497009 185.606689
v 1.357056 10.273254 250.554688
v 1.357056 10.273254 185.606689
v 1.354553 10.202759 250.554688
v 1.354553 10.202759 185.606689
v 1.349670 10.172913 250.554688
v 1.349670 10.172913 185.606689
v 1.341736 10.148071 250.554688
v 1.341736 10.148071 185.606689
v 1.330261 10.129333 250.554688
v 1.330261 10.129333 185.606689
v 1.330261 10.129333 185.606689
v 1.330261 10.129333 250.554688
v 1.307922 10.120972 250.554688
v 1.307922 10.120972 185.606689
v 1.255310 10.109070 250.554688
v 1.255310 10.109070 185.606689
v 1.199341 10.098450 250.554688
v 1.199341 10.098450 185.606689
v 1.172791 10.091736 250.554688
v 1.172791 10.091736 185.606689
v 1.148621 10.083008 250.554688
v 1.148621 10.083008 185.606689
v 1.127869 10.071472 250.554688
v 1.127869 10.071472 185.606689
v 1.111572 10.056396 250.554688
v 1.111572 10.056396 185.606689
v 1.102539 10.034668 250.554688
v 1.102539 10.034668 185.606689
v 1.094727 10.005676 250.554688
v 1.094727 10.005676 185.606689
v 1.082336 9.927673 250.554688
v 1.082336 9.927673 185.606689
v 1.069031 9.707397 250.554688
v 1.069031 9.707397 185.606689
v 1.081238 3.013184 250.554688
v 1.081238 3.013184 185.606689
v 1.093689 2.846985 250.554688
v 1.093689 2.846985 185.606689
v 1.106201 2.761658 250.554688
v 1.106201 2.761658 185.606689
v 1.113892 2.728027 250.554688
v 1.113892 2.728027 185.606689
v 1.122559 2.701111 250.554688
v 1.122559 2.701111 185.606689
v 1.132385 2.681335 250.554688
v 1.132385 2.681335 185.606689
v 1.132385 2.681335 185.606689
v 1.132385 2.681335 250.554688
v 1.351074 2.618835 250.554688
v 1.351074 2.618835 185.606689
v 1.351074 2.618835 185.606689
v 1.351074 2.618835 250.554688
v 1.330261 0.077209 250.554688
v 1.330261 0.077209 185.606689
v 0.490662 0.000549 185.606689
v -0.601624 0.018921 185.606689
v -0.608032 0.714661 185.606689
v -0.829163 0.010925 185.606689
v -0.828613 0.487183 185.606689
v -0.881836 0.422852 185.606689
v -0.864990 0.452332 185.606689
v -0.931458 0.333801 185.606689
v -0.888550 0.412231 185.606689
v -0.915710 0.014160 185.606689
v -0.993774 0.024231 185.606689
v -1.028381 0.032410 185.606689
v -0.955322 0.285095 185.606689
v -0.971619 0.253357 185.606689
v -0.959656 0.277344 185.606689
v -1.059387 0.043030 185.606689
v -1.086365 0.056396 185.606689
v -1.111938 0.073669 185.606689
v -1.137451 0.094727 185.606689
v -0.940613 0.314880 185.606689
v -0.940979 0.313965 185.606689
v -1.162598 0.119141 185.606689
v -1.210144 0.176025 185.606689
v -1.251709 0.240723 185.606689
v -0.875488 0.449280 185.606689
v -1.284302 0.309692 185.606689
v -1.020813 0.417053 185.606689
v -1.296387 0.344666 185.606689
v -1.093689 0.404968 185.606689
v -1.305054 0.379272 185.606689
v -0.423096 2.043274 185.606689
v -0.114014 1.901855 185.606689
v -1.024170 2.381226 185.606689
v -0.973206 2.342957 185.606689
v -1.296143 2.253540 185.606689
v -1.304626 2.332642 185.606689
v -1.312683 2.366211 185.606689
v -1.102661 2.432617 185.606689
v -1.210815 2.453613 185.606689
v -1.134827 2.450623 185.606689
v -1.308289 2.444397 185.606689
v -1.236694 2.451904 185.606689
v -1.323914 2.394531 185.606689
v -1.338562 2.416565 185.606689
v -1.357117 2.431396 185.606689
v -1.332214 2.494141 185.606689
v -1.292297 2.575806 185.606689
v -1.185486 2.517883 185.606689
v -1.278381 2.599121 185.606689
v -1.210693 2.554504 185.606689
v -1.265076 2.617493 185.606689
v -1.232605 2.589478 185.606689
v -1.252991 2.629272 185.606689
v -1.075928 2.660522 185.606689
v -1.040955 2.677429 185.606689
v -0.804321 2.245605 185.606689
v -0.852905 2.276245 185.606689
v -1.006226 2.698853 185.606689
v -0.634460 2.150146 185.606689
v -0.971924 2.724304 185.606689
v -0.938477 2.753479 185.606689
v 0.077576 2.040833 185.606689
v 0.064453 1.951050 185.606689
v 0.103027 2.320129 185.606689
v 0.097351 2.283997 185.606689
v -0.875366 2.821289 185.606689
v 0.128723 2.549927 185.606689
v 0.115356 2.452942 185.606689
v -0.819519 2.899048 185.606689
v 0.144897 2.686279 185.606689
v 0.131226 2.578979 185.606689
v -0.773560 2.983582 185.606689
v 0.158203 2.806946 185.606689
v 0.150024 2.742737 185.606689
v -0.755127 3.027466 185.606689
v -0.740112 3.071838 185.606689
v -0.728882 3.116333 185.606689
v 0.168945 2.931091 185.606689
v -0.721741 3.160522 185.606689
v 0.200073 3.345764 185.606689
v 0.170959 2.978333 185.606689
v -0.741394 3.192139 185.606689
v 0.076416 3.777222 185.606689
v -0.763794 3.219482 185.606689
v 0.020691 3.932861 185.606689
v -0.788208 3.243713 185.606689
v -0.035645 4.067810 185.606689
v -0.917786 3.352722 185.606689
v -0.511536 3.748352 185.606689
v -0.964783 3.411682 185.606689
v -1.111633 3.624207 185.606689
v -0.108032 4.260132 185.606689
v -1.199341 3.775635 185.606689
v -0.237366 4.279236 185.606689
v -0.499756 4.200684 185.606689
v -0.266785 4.271423 185.606689
v -1.252991 3.889709 185.606689
v -1.279846 3.964844 185.606689
v -0.530884 4.192871 185.606689
v -1.298462 4.038574 185.606689
v -1.315247 4.150208 185.606689
v -1.355164 4.641663 185.606689
v -0.138245 4.686646 185.606689
v -0.138062 4.731873 185.606689
v -1.353516 4.823547 185.606689
v -1.329346 4.993103 185.606689
v -0.137329 4.742737 185.606689
v -1.285217 5.151001 185.606689
v -0.136230 4.750610 185.606689
v -1.223511 5.297791 185.606689
v -0.133606 4.763977 185.606689
v -1.146851 5.433960 185.606689
v -0.127075 4.788818 185.606689
v -1.057617 5.560181 185.606689
v -0.114563 4.828430 185.606689
v -0.958313 5.677002 185.606689
v -0.097595 4.874634 185.606689
v -0.796082 5.835815 185.606689
v -0.047607 4.993835 185.606689
v -0.567932 6.019897 185.606689
v 0.051331 5.201233 185.606689
v -0.398804 6.139648 185.606689
v 0.334167 5.749512 185.606689
v 0.008606 6.469177 185.606689
v 0.340515 6.328430 185.606689
v -0.388428 6.577209 185.606689
v -0.376343 6.611389 185.606689
v -0.228333 6.547791 185.606689
v -0.359497 6.644409 185.606689
v -0.165588 6.531921 185.606689
v -0.338623 6.676331 185.606689
v -0.126709 6.519836 185.606689
v -0.287842 6.737488 185.606689
v -0.096741 6.931335 185.606689
v 0.415710 6.512329 185.606689
v -0.080872 6.954956 185.606689
v 0.455750 6.643860 185.606689
v -0.068787 6.979431 185.606689
v 0.479370 6.745605 185.606689
v -0.059631 7.004700 185.606689
v 0.495178 6.835815 185.606689
v 0.227417 7.058716 185.606689
v 0.509583 6.955200 185.606689
v -0.026672 7.137695 185.606689
v -0.016479 7.164795 185.606689
v 0.197021 7.595093 185.606689
v 0.617004 7.415222 185.606689
v 0.262207 7.774414 185.606689
v 0.658020 7.649170 185.606689
v 0.299072 7.910522 185.606689
v 0.681885 7.829834 185.606689
v 0.322388 8.063477 185.606689
v 0.696838 8.030396 185.606689
v 0.326294 8.221252 185.606689
v 0.699219 8.231812 185.606689
v 0.313232 8.381897 185.606689
v 0.690979 8.429810 185.606689
v 0.285339 8.543335 185.606689
v 0.673706 8.629028 185.606689
v 0.220825 8.782715 185.606689
v 0.635620 8.914856 185.606689
v 0.135925 9.012634 185.606689
v 0.584351 9.200256 185.606689
v 0.004456 9.292786 185.606689
v 0.505066 9.554199 185.606689
v -0.131287 9.528015 185.606689
v 0.423401 9.876526 185.606689
v 0.459045 9.725342 185.606689
v -0.224915 9.665283 185.606689
v 0.368958 10.090454 185.606689
v 0.388428 10.003479 185.606689
v 0.178101 10.250977 185.606689
v 0.229065 10.265625 185.606689
v 0.350525 10.164307 185.606689
v 0.152283 10.244812 185.606689
v 0.160767 10.247070 185.606689
v -0.384094 9.877197 185.606689
v 0.094116 10.231750 185.606689
v 0.127563 10.239807 185.606689
v -0.427490 9.951416 185.606689
v -0.462280 10.031921 185.606689
v -0.475708 10.075317 185.606689
v -0.002563 10.201660 185.606689
v -0.486084 10.121277 185.606689
v 0.061279 10.222473 185.606689
v -0.493103 10.170044 185.606689
v -0.496521 10.221985 185.606689
v -0.496033 10.277466 185.606689
v 0.066833 10.383179 185.606689
v 0.134460 10.326233 185.606689
v -0.471741 10.566772 185.606689
v -0.435242 10.629272 185.606689
v -0.201355 10.481323 185.606689
v -0.389221 10.696594 185.606689
v -0.000854 10.410034 185.606689
v -0.336243 10.763184 185.606689
v 0.022949 10.450562 185.606689
v -0.064331 10.600525 185.606689
v -0.057739 10.587402 185.606689
v -0.278931 10.823486 185.606689
v -0.249451 10.849487 185.606689
v -0.085999 10.649109 185.606689
v -0.219849 10.871765 185.606689
v -0.111328 10.712036 185.606689
v -0.135681 10.780640 185.606689
v -0.130615 10.767883 185.606689
v -0.190491 10.889709 185.606689
v -0.171265 10.897461 185.606689
v -0.152588 10.901367 185.606689
v -0.117798 10.905518 185.606689
v -0.102234 10.909546 185.606689
v 0.367493 10.285156 185.606689
v 0.335266 10.243530 185.606689
v -0.075928 10.931335 185.606689
v 0.563965 10.548157 185.606689
v 0.500061 10.483032 185.606689
v 0.154541 10.958923 185.606689
v 0.364563 10.747986 185.606689
v -0.002991 11.129272 185.606689
v 0.091064 11.155762 185.606689
v 0.182800 11.189148 185.606689
v 0.270325 11.229553 185.606689
v 0.607422 10.582642 185.606689
v 0.705750 10.742310 185.606689
v 0.615723 10.588806 185.606689
v 0.351624 11.277039 185.606689
v 0.424744 11.331665 185.606689
v 0.784729 10.896118 185.606689
v 0.457642 11.361633 185.606689
v 0.825745 10.986816 185.606689
v 0.487732 11.393494 185.606689
v 0.859375 11.068970 185.606689
v 0.888977 11.151672 185.606689
v 0.882507 11.132751 185.606689
v 0.514832 11.427124 185.606689
v 0.538696 11.462585 185.606689
v 0.915039 11.241333 185.606689
v 0.552612 11.489868 185.606689
v 0.933289 11.321716 185.606689
v 0.564270 11.520874 185.606689
v 0.945862 11.395691 185.606689
v 0.778137 11.672607 185.606689
v 0.951721 11.442932 185.606689
v 0.623047 11.730225 185.606689
v 0.636963 11.759949 185.606689
v 0.769592 11.686096 185.606689
v 0.753845 11.705139 185.606689
v 0.766235 11.692322 185.606689
v 0.653748 11.785645 185.606689
v 0.674072 11.806335 185.606689
v 0.726135 11.837585 185.606689
v 1.076599 11.578186 185.606689
v 0.998657 11.490906 185.606689
v 1.183838 11.696106 185.606689
v 1.130432 11.633911 185.606689
v 1.087463 11.836731 185.606689
v 1.223511 11.742676 185.606689
v 1.199707 11.713257 185.606689
v 1.199524 11.827515 185.606689
v 1.267822 11.816772 185.606689
v 1.282837 11.800476 185.606689
v 1.243958 11.772156 185.606689
v 1.296082 11.776917 185.606689
v 1.307739 11.746765 185.606689
v 1.326355 11.668579 185.606689
v 1.344238 11.515259 185.606689
v 1.353638 11.134094 185.606689
v 0.841187 10.484436 185.606689
v 0.819946 10.497192 185.606689
v 1.098145 10.334961 185.606689
v 1.007263 10.394104 185.606689
v 1.341614 10.497009 185.606689
v 1.253174 10.212830 185.606689
v 1.229675 10.232300 185.606689
v 1.357056 10.273254 185.606689
v 1.354553 10.202759 185.606689
v 1.349670 10.172913 185.606689
v 1.277039 10.190369 185.606689
v 1.298462 10.167847 185.606689
v 1.292114 10.173950 185.606689
v 1.341736 10.148071 185.606689
v 1.330261 10.129333 185.606689
v 1.307922 10.120972 185.606689
v 1.255310 10.109070 185.606689
v 1.199341 10.098450 185.606689
v 1.156311 10.292847 185.606689
v 1.185303 10.270447 185.606689
v 1.172791 10.091736 185.606689
v 1.148621 10.083008 185.606689
v 1.127869 10.071472 185.606689
v 1.111572 10.056396 185.606689
v 1.102539 10.034668 185.606689
v 0.396729 10.318176 185.606689
v 1.094727 10.005676 185.606689
v 1.082336 9.927673 185.606689
v 1.069031 9.707397 185.606689
v 1.093689 2.846985 185.606689
v 1.106201 2.761658 185.606689
v 1.113892 2.728027 185.606689
v 1.122559 2.701111 185.606689
v 1.132385 2.681335 185.606689
v 0.632813 2.081665 185.606689
v 1.351074 2.618835 185.606689
v 0.500916 0.836121 185.606689
v 1.330261 0.077209 185.606689
v 1.226685 0.049805 185.606689
v 1.199341 0.178955 185.606689
v 1.049377 0.021423 185.606689
v 1.013000 0.339111 185.606689
v 0.781494 0.002930 185.606689
v 0.757813 0.579224 185.606689
v 0.564758 0.000000 185.606689
v 0.562622 0.773438 185.606689
v 0.019958 1.329285 185.606689
v 0.023315 1.847412 185.606689
v -0.072754 4.147339 185.606689
v -0.122864 4.315063 185.606689
v -0.088196 10.917542 185.606689
v 0.570435 10.557861 185.606689
v 1.081238 3.013184 185.606689
vt 0.599974 0.064662
vt 0.603407 0.031888
vt 0.620782 0.067391
vt 0.598900 0.071444
vt 0.613168 0.073166
vt 0.611992 0.074127
vt 0.611048 0.074524
vt 0.610706 0.074686
vt 0.608206 0.075686
vt 0.598675 0.074043
vt 0.598816 0.077518
vt 0.598695 0.076438
vt 0.606657 0.076226
vt 0.606409 0.076329
vt 0.605647 0.076603
vt 0.599324 0.079350
vt 0.599022 0.078490
vt 0.599749 0.080185
vt 0.607605 0.075891
vt 0.600287 0.081038
vt 0.607575 0.075898
vt 0.600927 0.081864
vt 0.602459 0.083480
vt 0.611863 0.074431
vt 0.604246 0.084953
vt 0.606192 0.086172
vt 0.610367 0.078665
vt 0.607195 0.086656
vt 0.609740 0.080804
vt 0.608200 0.087040
vt 0.658131 0.056927
vt 0.661240 0.066697
vt 0.668206 0.084262
vt 0.669168 0.085928
vt 0.664352 0.093605
vt 0.667666 0.094512
vt 0.666690 0.094147
vt 0.670420 0.088464
vt 0.670842 0.089494
vt 0.670654 0.091780
vt 0.670508 0.092548
vt 0.670022 0.094664
vt 0.668472 0.094949
vt 0.669079 0.095470
vt 0.669455 0.096080
vt 0.671424 0.095563
vt 0.672670 0.091255
vt 0.674016 0.094665
vt 0.674764 0.094333
vt 0.673675 0.092143
vt 0.675363 0.094002
vt 0.674643 0.092927
vt 0.675760 0.093683
vt 0.677341 0.088495
vt 0.665908 0.078850
vt 0.677975 0.087510
vt 0.666647 0.080416
vt 0.663669 0.073416
vt 0.678743 0.086547
vt 0.679631 0.085613
vt 0.680626 0.084719
vt 0.660256 0.051762
vt 0.662991 0.051697
vt 0.670345 0.051990
vt 0.671447 0.051953
vt 0.682885 0.083076
vt 0.675469 0.052068
vt 0.678422 0.052021
vt 0.685417 0.081688
vt 0.679302 0.052052
vt 0.682564 0.052034
vt 0.688118 0.080620
vt 0.684273 0.052087
vt 0.686226 0.052076
vt 0.689498 0.080227
vt 0.692254 0.079765
vt 0.690881 0.079939
vt 0.689982 0.052207
vt 0.702512 0.052787
vt 0.693604 0.079713
vt 0.691403 0.052319
vt 0.694479 0.080417
vt 0.714980 0.058063
vt 0.719436 0.060298
vt 0.695216 0.081187
vt 0.723272 0.062478
vt 0.695852 0.082006
vt 0.698643 0.086283
vt 0.711972 0.075561
vt 0.700239 0.087907
vt 0.728767 0.065346
vt 0.706065 0.093077
vt 0.710280 0.096256
vt 0.728868 0.069288
vt 0.728526 0.070141
vt 0.725559 0.076859
vt 0.715652 0.099357
vt 0.713501 0.098278
vt 0.725211 0.077763
vt 0.717792 0.100183
vt 0.721074 0.101093
vt 0.741428 0.067806
vt 0.735644 0.104079
vt 0.742783 0.067966
vt 0.746260 0.104589
vt 0.741095 0.104693
vt 0.743110 0.067983
vt 0.751150 0.103842
vt 0.743351 0.067979
vt 0.755769 0.102530
vt 0.743759 0.067948
vt 0.760127 0.100730
vt 0.744528 0.067844
vt 0.764232 0.098519
vt 0.745760 0.067613
vt 0.768092 0.095972
vt 0.747205 0.067274
vt 0.773438 0.091693
vt 0.750956 0.066212
vt 0.779781 0.085533
vt 0.757528 0.064006
vt 0.774976 0.057536
vt 0.783985 0.080906
vt 0.792332 0.059456
vt 0.795336 0.069908
vt 0.798191 0.081953
vt 0.797124 0.082190
vt 0.796827 0.077289
vt 0.796581 0.075352
vt 0.799241 0.081569
vt 0.796361 0.074145
vt 0.800274 0.081060
vt 0.802289 0.079763
vt 0.798114 0.057875
vt 0.808792 0.074748
vt 0.809556 0.074358
vt 0.802197 0.057157
vt 0.810334 0.074085
vt 0.805330 0.056820
vt 0.811122 0.073903
vt 0.808089 0.056676
vt 0.811716 0.056679
vt 0.813788 0.065507
vt 0.816075 0.073195
vt 0.815226 0.073402
vt 0.825883 0.055140
vt 0.829737 0.068371
vt 0.835344 0.067073
vt 0.833036 0.054766
vt 0.839554 0.066466
vt 0.838533 0.054710
vt 0.844218 0.066326
vt 0.844594 0.054992
vt 0.848957 0.066783
vt 0.850632 0.055657
vt 0.856531 0.056626
vt 0.853719 0.067761
vt 0.862433 0.057868
vt 0.858452 0.069185
vt 0.870854 0.060051
vt 0.865384 0.071989
vt 0.879212 0.062627
vt 0.871959 0.075369
vt 0.889521 0.066290
vt 0.879869 0.080328
vt 0.898874 0.069911
vt 0.886417 0.085250
vt 0.894477 0.068293
vt 0.905081 0.072322
vt 0.890185 0.088553
vt 0.902548 0.071422
vt 0.909817 0.077148
vt 0.909191 0.078622
vt 0.907226 0.073142
vt 0.909011 0.079126
vt 0.908912 0.079373
vt 0.895949 0.094092
vt 0.908673 0.080095
vt 0.908309 0.081066
vt 0.898014 0.095663
vt 0.901549 0.097557
vt 0.900298 0.096997
vt 0.907057 0.083852
vt 0.907912 0.082017
vt 0.902887 0.098036
vt 0.904321 0.098425
vt 0.905865 0.098716
vt 0.907527 0.098904
vt 0.911285 0.080203
vt 0.912744 0.082436
vt 0.918282 0.098367
vt 0.916278 0.099231
vt 0.914705 0.090824
vt 0.913302 0.084561
vt 0.920467 0.097234
vt 0.922654 0.095891
vt 0.914602 0.083995
vt 0.918406 0.086910
vt 0.918775 0.087155
vt 0.925553 0.093606
vt 0.924668 0.094394
vt 0.920150 0.087982
vt 0.926329 0.092802
vt 0.921941 0.088968
vt 0.923544 0.089751
vt 0.923908 0.089949
vt 0.927275 0.091440
vt 0.926972 0.091988
vt 0.927461 0.090895
vt 0.927712 0.089868
vt 0.927890 0.089417
vt 0.909542 0.073889
vt 0.910906 0.073075
vt 0.919498 0.068153
vt 0.928638 0.088708
vt 0.917314 0.069827
vt 0.924754 0.074851
vt 0.930303 0.081909
vt 0.935966 0.084527
vt 0.934830 0.087247
vt 0.937301 0.081901
vt 0.920689 0.066976
vt 0.938830 0.079428
vt 0.920904 0.066750
vt 0.925827 0.064613
vt 0.942449 0.075176
vt 0.940547 0.077167
vt 0.930721 0.062811
vt 0.943467 0.074301
vt 0.933587 0.061912
vt 0.944530 0.073516
vt 0.936168 0.061206
vt 0.938162 0.060745
vt 0.938754 0.060621
vt 0.946786 0.072243
vt 0.945637 0.072827
vt 0.941533 0.060167
vt 0.947654 0.071926
vt 0.944007 0.059913
vt 0.948625 0.071689
vt 0.946266 0.059807
vt 0.947703 0.059803
vt 0.953947 0.065838
vt 0.956047 0.070384
vt 0.955106 0.070692
vt 0.954320 0.066145
vt 0.954494 0.066268
vt 0.954833 0.066684
vt 0.957572 0.069442
vt 0.956878 0.069975
vt 0.958698 0.067997
vt 0.949310 0.058573
vt 0.952208 0.056558
vt 0.954074 0.055149
vt 0.956131 0.053777
vt 0.959989 0.057174
vt 0.956701 0.053365
vt 0.957670 0.052759
vt 0.960123 0.053786
vt 0.959616 0.051193
vt 0.960049 0.051703
vt 0.958626 0.052254
vt 0.958960 0.050710
vt 0.958098 0.050252
vt 0.955825 0.049409
vt 0.951300 0.048314
vt 0.939920 0.046643
vt 0.918905 0.060301
vt 0.918599 0.059618
vt 0.916502 0.054316
vt 0.915060 0.051380
vt 0.920800 0.044681
vt 0.912467 0.047066
vt 0.911970 0.046292
vt 0.914159 0.043401
vt 0.911126 0.043257
vt 0.912037 0.043220
vt 0.911384 0.045496
vt 0.910947 0.044985
vt 0.910788 0.044772
vt 0.909750 0.043679
vt 0.910354 0.043404
vt 0.909418 0.044319
vt 0.908870 0.045851
vt 0.914012 0.049485
vt 0.908349 0.047486
vt 0.913447 0.048534
vt 0.908050 0.048257
vt 0.907700 0.048949
vt 0.907280 0.049529
vt 0.906769 0.049963
vt 0.906086 0.050154
vt 0.912002 0.072320
vt 0.905188 0.050282
vt 0.902809 0.050367
vt 0.896165 0.049964
vt 0.690836 0.024211
vt 0.688325 0.023525
vt 0.687346 0.023172
vt 0.686572 0.022813
vt 0.666239 0.035220
vt 0.686017 0.022449
vt 0.684943 0.015671
vt 0.628464 0.034628
vt 0.607565 0.010029
vt 0.608764 0.007027
vt 0.611332 0.011319
vt 0.615448 0.017482
vt 0.606068 0.015235
vt 0.621708 0.025999
vt 0.604537 0.023189
vt 0.626810 0.032552
vt 0.603660 0.029668
vt 0.641476 0.050827
vt 0.657002 0.052615
vt 0.725519 0.063878
vt 0.730358 0.065990
vt 0.928180 0.089025
vt 0.919812 0.067994
vt 0.695766 0.025189
vt 0.011765 0.405882
vt 0.797269 0.405882
vt 0.797269 0.409115
vt 0.011765 0.409115
vt 0.797269 0.414531
vt 0.011765 0.414531
vt 0.797269 0.422631
vt 0.011765 0.422631
vt 0.797269 0.429169
vt 0.011765 0.429169
vt 0.797269 0.431404
vt 0.011765 0.431404
vt 0.797269 0.464358
vt 0.011765 0.464358
vt 0.797269 0.471226
vt 0.011765 0.471226
vt 0.797269 0.473838
vt 0.011765 0.473838
vt 0.797269 0.476211
vt 0.011765 0.476211
vt 0.797269 0.477284
vt 0.011765 0.477284
vt 0.797269 0.478273
vt 0.011765 0.478273
vt 0.797269 0.479181
vt 0.011765 0.479181
vt 0.797269 0.480112
vt 0.011765 0.480112
vt 0.797269 0.481111
vt 0.011765 0.481111
vt 0.797268 0.482167
vt 0.011764 0.482167
vt 0.797268 0.484403
vt 0.011764 0.484403
vt 0.797268 0.486724
vt 0.011764 0.486724
vt 0.797268 0.489025
vt 0.011764 0.489025
vt 0.797268 0.490139
vt 0.011764 0.490139
vt 0.797268 0.491217
vt 0.011764 0.491217
vt 0.797268 0.547753
vt 0.011764 0.547753
vt 0.797268 0.550152
vt 0.011765 0.550152
vt 0.797268 0.551194
vt 0.011765 0.551194
vt 0.797268 0.552112
vt 0.011765 0.552112
vt 0.797268 0.552911
vt 0.011764 0.552911
vt 0.797268 0.553628
vt 0.011764 0.553628
vt 0.968768 0.875559
vt 0.968768 0.090055
vt 0.970805 0.090055
vt 0.970805 0.875559
vt 0.973547 0.090055
vt 0.973547 0.875559
vt 0.974366 0.090055
vt 0.974366 0.875559
vt 0.975051 0.090055
vt 0.975051 0.875559
vt 0.975559 0.090055
vt 0.975559 0.875559
vt 0.896239 0.116618
vt 0.896239 0.902122
vt 0.890815 0.902122
vt 0.890815 0.116618
vt 0.889644 0.902121
vt 0.889644 0.116618
vt 0.888413 0.902122
vt 0.888413 0.116618
vt 0.887124 0.902122
vt 0.887124 0.116618
vt 0.885786 0.902122
vt 0.885786 0.116618
vt 0.882993 0.902122
vt 0.882993 0.116618
vt 0.880105 0.902122
vt 0.880105 0.116618
vt 0.877201 0.902122
vt 0.877201 0.116618
vt 0.875766 0.902122
vt 0.875766 0.116618
vt 0.874353 0.902122
vt 0.874353 0.116618
vt 0.872969 0.902122
vt 0.872969 0.116618
vt 0.871618 0.902122
vt 0.871618 0.116618
vt 0.011765 0.282353
vt 0.797269 0.282353
vt 0.797269 0.283475
vt 0.011765 0.283475
vt 0.797269 0.284542
vt 0.011765 0.284542
vt 0.797269 0.285578
vt 0.011765 0.285578
vt 0.797269 0.290686
vt 0.011765 0.290686
vt 0.797269 0.292962
vt 0.011765 0.292962
vt 0.797269 0.300752
vt 0.011765 0.300752
vt 0.797269 0.306031
vt 0.011765 0.306031
vt 0.797269 0.309835
vt 0.011765 0.309835
vt 0.797269 0.312241
vt 0.011765 0.312241
vt 0.797269 0.314535
vt 0.011765 0.314535
vt 0.797269 0.317941
vt 0.011765 0.317941
vt 0.797269 0.332814
vt 0.011765 0.332814
vt 0.797269 0.338299
vt 0.011765 0.338299
vt 0.797269 0.343466
vt 0.011765 0.343466
vt 0.797269 0.348412
vt 0.011765 0.348412
vt 0.797269 0.353214
vt 0.011765 0.353214
vt 0.797269 0.357929
vt 0.011765 0.357929
vt 0.797268 0.362592
vt 0.011764 0.362592
vt 0.797268 0.367216
vt 0.011764 0.367216
vt 0.797268 0.374064
vt 0.011764 0.374064
vt 0.797268 0.382907
vt 0.011764 0.382907
vt 0.797268 0.389157
vt 0.011764 0.389157
vt 0.011765 0.570588
vt 0.797269 0.570588
vt 0.797269 0.583790
vt 0.011765 0.583789
vt 0.797269 0.584882
vt 0.011765 0.584882
vt 0.797269 0.586001
vt 0.011765 0.586001
vt 0.797269 0.587152
vt 0.011765 0.587152
vt 0.797269 0.589549
vt 0.011765 0.589549
vt 0.797269 0.597761
vt 0.011765 0.597761
vt 0.797269 0.598619
vt 0.011765 0.598619
vt 0.797269 0.599443
vt 0.011765 0.599443
vt 0.797269 0.600253
vt 0.011765 0.600252
vt 0.797269 0.604387
vt 0.011765 0.604386
vt 0.797269 0.605260
vt 0.011765 0.605260
vt 0.797269 0.619749
vt 0.011765 0.619749
vt 0.797269 0.625505
vt 0.011765 0.625505
vt 0.797269 0.629758
vt 0.011765 0.629758
vt 0.797269 0.634425
vt 0.011765 0.634425
vt 0.797269 0.639185
vt 0.011765 0.639185
vt 0.797269 0.644047
vt 0.011765 0.644047
vt 0.797269 0.648990
vt 0.011765 0.648990
vt 0.797269 0.656467
vt 0.011765 0.656467
vt 0.797268 0.663860
vt 0.011764 0.663860
vt 0.797268 0.673196
vt 0.011764 0.673196
vt 0.797268 0.681388
vt 0.011764 0.681388
vt 0.797268 0.686399
vt 0.011764 0.686399
vt 0.797268 0.694393
vt 0.011764 0.694393
vt 0.797268 0.696987
vt 0.011764 0.696987
vt 0.797268 0.699632
vt 0.011764 0.699632
vt 0.797268 0.701003
vt 0.011764 0.701003
vt 0.797268 0.702424
vt 0.011764 0.702424
vt 0.797268 0.703910
vt 0.011764 0.703910
vt 0.797268 0.705481
vt 0.011764 0.705481
vt 0.797268 0.707154
vt 0.011764 0.707154
vt 0.797268 0.715912
vt 0.011764 0.715911
vt 0.797268 0.718094
vt 0.011764 0.718094
vt 0.797268 0.720554
vt 0.011764 0.720554
vt 0.797268 0.723122
vt 0.011764 0.723122
vt 0.797268 0.725631
vt 0.011764 0.725631
vt 0.797268 0.726816
vt 0.011764 0.726816
vt 0.797268 0.727934
vt 0.011764 0.727933
vt 0.797268 0.728971
vt 0.011764 0.728971
vt 0.797268 0.729596
vt 0.011764 0.729596
vt 0.797268 0.730173
vt 0.011764 0.730173
vt 0.797268 0.731229
vt 0.011764 0.731229
vt 0.797268 0.731715
vt 0.011764 0.731715
vt 0.797268 0.732202
vt 0.011764 0.732202
vt 0.797268 0.732481
vt 0.011764 0.732481
vt 0.797268 0.732759
vt 0.011764 0.732759
vt 0.797268 0.739121
vt 0.011764 0.739121
vt 0.850306 0.100096
vt 0.850306 0.885600
vt 0.847359 0.885600
vt 0.847359 0.100096
vt 0.844413 0.885600
vt 0.844413 0.100096
vt 0.841505 0.885600
vt 0.841505 0.100096
vt 0.838666 0.885600
vt 0.838666 0.100096
vt 0.835912 0.885600
vt 0.835912 0.100096
vt 0.834570 0.885600
vt 0.834570 0.100096
vt 0.833248 0.885600
vt 0.833248 0.100096
vt 0.831945 0.885600
vt 0.831945 0.100096
vt 0.830656 0.885600
vt 0.830656 0.100096
vt 0.829732 0.885600
vt 0.829732 0.100096
vt 0.828733 0.885600
vt 0.828733 0.100096
vt 0.822175 0.885600
vt 0.822175 0.100096
vt 0.821184 0.885600
vt 0.821184 0.100096
vt 0.820258 0.885600
vt 0.820258 0.100096
vt 0.819383 0.885600
vt 0.819383 0.100096
vt 0.817551 0.885600
vt 0.817551 0.100096
vt 0.913976 0.900939
vt 0.913976 0.115435
vt 0.924875 0.115435
vt 0.924875 0.900939
vt 0.928267 0.115435
vt 0.928267 0.900939
vt 0.930351 0.115435
vt 0.930351 0.900939
vt 0.008614 0.124955
vt 0.794118 0.124955
vt 0.794118 0.125623
vt 0.008614 0.125623
vt 0.794118 0.126438
vt 0.008614 0.126438
vt 0.794118 0.127414
vt 0.008614 0.127414
vt 0.794118 0.129838
vt 0.008614 0.129838
vt 0.794118 0.134494
vt 0.008614 0.134494
vt 0.794118 0.145996
vt 0.008614 0.145996
vt 0.794118 0.165217
vt 0.008614 0.165217
vt 0.794118 0.171980
vt 0.008614 0.171980
vt 0.794118 0.174109
vt 0.008614 0.174109
vt 0.794118 0.175021
vt 0.008614 0.175021
vt 0.794118 0.175807
vt 0.008614 0.175807
vt 0.794118 0.176471
vt 0.008614 0.176471
vt 0.794118 0.988235
vt 0.008614 0.988235
vt 0.008614 0.987514
vt 0.794118 0.987514
vt 0.008614 0.985887
vt 0.794118 0.985887
vt 0.008614 0.984171
vt 0.794118 0.984171
vt 0.008614 0.983344
vt 0.794118 0.983344
vt 0.008614 0.982568
vt 0.794118 0.982568
vt 0.008614 0.981852
vt 0.794118 0.981852
vt 0.008614 0.981182
vt 0.794118 0.981182
vt 0.008614 0.980473
vt 0.794118 0.980473
vt 0.008614 0.979566
vt 0.794118 0.979566
vt 0.008614 0.977185
vt 0.794118 0.977185
vt 0.008614 0.970528
vt 0.794118 0.970528
vt 0.008614 0.768602
vt 0.794118 0.768602
vt 0.008614 0.763576
vt 0.794118 0.763576
vt 0.008614 0.760973
vt 0.794118 0.760973
vt 0.008614 0.759933
vt 0.794118 0.759933
vt 0.008614 0.759079
vt 0.794118 0.759079
vt 0.008614 0.758415
vt 0.794118 0.758415
vt 0.942262 0.884418
vt 0.942262 0.098914
vt 0.949124 0.098914
vt 0.949124 0.884418
vt 0.005882 0.188235
vt 0.791386 0.188235
vt 0.791386 0.264904
vt 0.005882 0.264904
vt 0.576471 0.035294
vt 0.579904 0.068068
vt 0.559096 0.070797
vt 0.580978 0.074850
vt 0.566710 0.076572
vt 0.568829 0.077931
vt 0.567885 0.077534
vt 0.571672 0.079092
vt 0.569171 0.078093
vt 0.581203 0.077449
vt 0.581183 0.079845
vt 0.581062 0.080924
vt 0.573220 0.079633
vt 0.574231 0.080009
vt 0.573468 0.079736
vt 0.580856 0.081897
vt 0.580553 0.082757
vt 0.580128 0.083591
vt 0.579591 0.084444
vt 0.572273 0.079298
vt 0.572302 0.079305
vt 0.578950 0.085270
vt 0.577418 0.086886
vt 0.575631 0.088359
vt 0.568015 0.077837
vt 0.573685 0.089578
vt 0.569511 0.082071
vt 0.572683 0.090062
vt 0.570138 0.084211
vt 0.571677 0.090446
vt 0.518638 0.070104
vt 0.521746 0.060333
vt 0.510710 0.089334
vt 0.511672 0.087668
vt 0.515525 0.097011
vt 0.513188 0.097554
vt 0.512212 0.097918
vt 0.509458 0.091870
vt 0.509224 0.095186
vt 0.509036 0.092900
vt 0.509855 0.098070
vt 0.509370 0.095955
vt 0.511406 0.098356
vt 0.510799 0.098876
vt 0.510423 0.099486
vt 0.508453 0.098969
vt 0.505862 0.098072
vt 0.507208 0.094661
vt 0.505114 0.097739
vt 0.506203 0.095550
vt 0.504514 0.097408
vt 0.505235 0.096334
vt 0.504118 0.097089
vt 0.502537 0.091901
vt 0.501903 0.090917
vt 0.513970 0.082257
vt 0.513230 0.083823
vt 0.501135 0.089953
vt 0.516209 0.076822
vt 0.500247 0.089020
vt 0.499252 0.088125
vt 0.516886 0.055104
vt 0.519622 0.055168
vt 0.508431 0.055359
vt 0.509533 0.055397
vt 0.496992 0.086483
vt 0.501456 0.055428
vt 0.504409 0.055474
vt 0.494460 0.085094
vt 0.497313 0.055441
vt 0.500576 0.055458
vt 0.491760 0.084026
vt 0.493652 0.055483
vt 0.495605 0.055493
vt 0.490380 0.083633
vt 0.488996 0.083346
vt 0.487623 0.083171
vt 0.489896 0.055614
vt 0.486273 0.083119
vt 0.477365 0.056194
vt 0.488475 0.055726
vt 0.485399 0.083823
vt 0.464898 0.061469
vt 0.484661 0.084593
vt 0.460441 0.063705
vt 0.484026 0.085413
vt 0.456606 0.065885
vt 0.481234 0.089689
vt 0.467906 0.078968
vt 0.479639 0.091313
vt 0.473812 0.096483
vt 0.451110 0.068753
vt 0.469598 0.099662
vt 0.451010 0.072695
vt 0.454319 0.080266
vt 0.451352 0.073547
vt 0.466377 0.101685
vt 0.464226 0.102763
vt 0.454667 0.081169
vt 0.462086 0.103590
vt 0.458804 0.104500
vt 0.444234 0.107486
vt 0.438450 0.071212
vt 0.437095 0.071373
vt 0.438783 0.108100
vt 0.433617 0.107995
vt 0.436768 0.071389
vt 0.428728 0.107248
vt 0.436527 0.071386
vt 0.424108 0.105937
vt 0.436118 0.071355
vt 0.419751 0.104137
vt 0.435349 0.071251
vt 0.415646 0.101925
vt 0.434118 0.071019
vt 0.411786 0.099379
vt 0.432672 0.070681
vt 0.406440 0.095100
vt 0.428922 0.069619
vt 0.400096 0.088939
vt 0.422350 0.067412
vt 0.395893 0.084313
vt 0.404902 0.060942
vt 0.384542 0.073315
vt 0.387545 0.062862
vt 0.382754 0.085596
vt 0.381687 0.085360
vt 0.383050 0.080695
vt 0.380637 0.084976
vt 0.383297 0.078759
vt 0.379604 0.084467
vt 0.383517 0.077551
vt 0.377589 0.083169
vt 0.371086 0.078154
vt 0.381764 0.061282
vt 0.370322 0.077764
vt 0.377681 0.060563
vt 0.369544 0.077492
vt 0.374548 0.060226
vt 0.368755 0.077310
vt 0.371789 0.060083
vt 0.366090 0.068913
vt 0.368162 0.060085
vt 0.364652 0.076808
vt 0.363803 0.076602
vt 0.350141 0.071778
vt 0.353995 0.058546
vt 0.344534 0.070480
vt 0.346842 0.058172
vt 0.340324 0.069872
vt 0.341345 0.058116
vt 0.335659 0.069732
vt 0.335284 0.058399
vt 0.330921 0.070190
vt 0.329246 0.059063
vt 0.326159 0.071168
vt 0.323347 0.060032
vt 0.321425 0.072591
vt 0.317445 0.061275
vt 0.314493 0.075396
vt 0.309024 0.063458
vt 0.307918 0.078775
vt 0.300666 0.066033
vt 0.300009 0.083735
vt 0.290357 0.069697
vt 0.293461 0.088657
vt 0.281003 0.073317
vt 0.285401 0.071700
vt 0.289693 0.091959
vt 0.274797 0.075729
vt 0.277329 0.074828
vt 0.270687 0.082028
vt 0.270061 0.080555
vt 0.272652 0.076549
vt 0.270966 0.082779
vt 0.270866 0.082532
vt 0.283928 0.097499
vt 0.271568 0.084472
vt 0.271205 0.083501
vt 0.281864 0.099069
vt 0.279580 0.100404
vt 0.278329 0.100964
vt 0.272821 0.087258
vt 0.276991 0.101442
vt 0.271966 0.085423
vt 0.275556 0.101831
vt 0.274013 0.102123
vt 0.272351 0.102311
vt 0.267134 0.085843
vt 0.268592 0.083610
vt 0.263599 0.102638
vt 0.261596 0.101773
vt 0.265172 0.094231
vt 0.259411 0.100641
vt 0.266576 0.087967
vt 0.257224 0.099297
vt 0.265276 0.087401
vt 0.261102 0.090561
vt 0.261472 0.090316
vt 0.255210 0.097800
vt 0.254325 0.097013
vt 0.259728 0.091389
vt 0.253549 0.096208
vt 0.257936 0.092375
vt 0.255970 0.093356
vt 0.256334 0.093157
vt 0.252905 0.095394
vt 0.252603 0.094847
vt 0.252417 0.094301
vt 0.252166 0.093275
vt 0.251988 0.092823
vt 0.268972 0.076482
vt 0.270336 0.077295
vt 0.251240 0.092115
vt 0.260380 0.071559
vt 0.262564 0.073234
vt 0.249574 0.085316
vt 0.255124 0.078257
vt 0.245048 0.090653
vt 0.243912 0.087934
vt 0.242577 0.085308
vt 0.241048 0.082835
vt 0.259189 0.070382
vt 0.254051 0.068020
vt 0.258974 0.070157
vt 0.239331 0.080573
vt 0.237429 0.078583
vt 0.249157 0.066217
vt 0.236410 0.077708
vt 0.246291 0.065319
vt 0.235348 0.076922
vt 0.243709 0.064612
vt 0.241124 0.064028
vt 0.241716 0.064152
vt 0.234241 0.076234
vt 0.233092 0.075650
vt 0.238344 0.063573
vt 0.232224 0.075332
vt 0.235871 0.063319
vt 0.231253 0.075096
vt 0.233612 0.063214
vt 0.225931 0.069244
vt 0.232175 0.063209
vt 0.224772 0.074099
vt 0.223830 0.073790
vt 0.225557 0.069551
vt 0.225045 0.070090
vt 0.225384 0.069674
vt 0.222999 0.073381
vt 0.222305 0.072849
vt 0.221180 0.071403
vt 0.227670 0.059965
vt 0.230568 0.061980
vt 0.223747 0.057184
vt 0.225804 0.058555
vt 0.219889 0.060581
vt 0.222208 0.056166
vt 0.223176 0.056771
vt 0.219755 0.057192
vt 0.219829 0.055109
vt 0.220262 0.054600
vt 0.221252 0.055661
vt 0.220918 0.054116
vt 0.221780 0.053658
vt 0.224053 0.052816
vt 0.228578 0.051721
vt 0.239957 0.050049
vt 0.261278 0.063025
vt 0.260973 0.063707
vt 0.264817 0.054787
vt 0.263376 0.057722
vt 0.259078 0.048087
vt 0.267908 0.049699
vt 0.267411 0.050473
vt 0.265719 0.046808
vt 0.267840 0.046626
vt 0.268751 0.046664
vt 0.268494 0.048903
vt 0.269089 0.048179
vt 0.268931 0.048391
vt 0.269523 0.046811
vt 0.270128 0.047085
vt 0.270460 0.047725
vt 0.271007 0.049257
vt 0.271528 0.050893
vt 0.265866 0.052891
vt 0.266431 0.051941
vt 0.271827 0.051663
vt 0.272177 0.052356
vt 0.272598 0.052936
vt 0.273109 0.053369
vt 0.273791 0.053560
vt 0.267876 0.075727
vt 0.274690 0.053688
vt 0.277069 0.053774
vt 0.283713 0.053371
vt 0.489042 0.027617
vt 0.491552 0.026932
vt 0.492531 0.026579
vt 0.493306 0.026220
vt 0.493861 0.025855
vt 0.513639 0.038627
vt 0.494935 0.019078
vt 0.551414 0.038034
vt 0.571114 0.010434
vt 0.572312 0.013436
vt 0.568546 0.014726
vt 0.573810 0.018641
vt 0.564430 0.020889
vt 0.575340 0.026595
vt 0.558170 0.029405
vt 0.576218 0.033074
vt 0.553067 0.035958
vt 0.538402 0.054233
vt 0.522875 0.056022
vt 0.454359 0.067285
vt 0.449520 0.069396
vt 0.251698 0.092432
vt 0.260066 0.071400
vt 0.484112 0.028595
vn 0.000000 0.000000 2.494064
vn 0.000000 0.000000 2.494064
vn 0.000000 0.000000 2.494064
vn 0.000000 0.000000 2.494064
vn 0.000000 0.000000 2.494064
vn 0.000000 0.000000 2.494064
vn 0.000000 0.000000 2.494064
vn 0.000000 0.000000 2.494064
vn 0.000000 0.000000 2.494064
vn 0.000000 0.000000 2.494064
vn 0.000000 0.000000 2.494064
vn 0.000000 0.000000 2.494064
vn 0.000000 0.000000 2.494064
vn 0.000000 0.000000 2.494064
vn 0.000000 0.000000 2.494064
vn 0.000000 0.000000 2.494064
vn 0.000000 0.000000 2.494064
vn 0.000000 0.000000 2.489855
vn 0.000000 0.000000 2.494064
vn 0.000000 0.000000 2.494064
vn 0.000000 0.000000 2.494064
vn 0.000000 0.000000 2.489855
vn 0.000000 0.000000 2.494064
vn 0.000000 0.000000 2.494064
vn 0.000000 0.000000 2.494064
vn 0.000000 0.000000 2.494064
vn 0.000000 0.000000 2.489855
vn 0.000000 0.000000 2.494064
vn 0.000000 0.000000 2.489855
vn 0.000000 0.000000 2.494064
vn 0.000000 0.000000 2.494064
vn 0.000000 0.000000 2.489855
vn 0.000000 0.000000 2.494064
vn 0.000000 0.000000 2.494064
vn 0.000000 0.000000 2.494064
vn 0.000000 0.000000 2.489855
vn 0.000000 0.000000 2.494064
vn 0.000000 0.000000 2.494064
vn 0.000000 0.000000 2.494064
vn 0.000000 0.000000 2.494064
vn 0.000000 0.000000 2.494064
vn 0.000000 0.000000 2.494064
vn 0.000000 0.000000 2.489855
vn 0.000000 0.000000 2.494064
vn 0.000000 0.000000 2.494064
vn 0.000000 0.000000 2.494064
vn 0.000000 0.000000 2.494064
vn 0.000000 0.000000 2.494064
vn 0.000000 0.000000 2.494064
vn 0.000000 0.000000 2.494064
vn 0.000000 0.000000 2.494064
vn 0.000000 0.000000 2.494064
vn 0.000000 0.000000 2.494064
vn 0.000000 0.000000 2.494064
vn 0.000000 0.000000 2.489855
vn 0.000000 0.000000 2.489855
vn 0.000000 0.000000 2.494064
vn 0.000000 0.000000 2.494064
vn 0.000000 0.000000 2.494064
vn 0.000000 0.000000 2.494064
vn 0.000000 0.000000 2.489855
vn 0.000000 0.000000 2.494064
vn 0.000000 0.000000 2.494064
vn 0.000000 0.000000 2.494064
vn 0.000000 0.000000 2.494064
vn 0.000000 0.000000 2.489855
vn 0.000000 0.000000 2.494064
vn 0.000000 0.000000 2.489855
vn 0.000000 0.000000 2.489855
vn 0.000000 0.000000 2.489855
vn 0.000000 0.000000 2.494064
vn 0.000000 0.000000 2.489855
vn 0.000000 0.000000 2.489855
vn 0.000000 0.000000 2.489855
vn 0.000000 0.000000 2.494064
vn 0.000000 0.000000 2.494064
vn 0.000000 0.000000 2.494064
vn 0.000000 0.000000 2.494064
vn 0.000000 0.000000 2.494064
vn 0.000000 0.000000 2.494064
vn 0.000000 0.000000 2.489855
vn 0.000000 0.000000 2.494064
vn 0.000000 0.000000 2.494064
vn 0.000000 0.000000 2.494064
vn 0.000000 0.000000 2.494064
vn 0.000000 0.000000 2.494064
vn 0.000000 0.000000 2.494064
vn 0.000000 0.000000 2.494064
vn 0.000000 0.000000 2.494064
vn 0.000000 0.000000 2.494064
vn 0.000000 0.000000 2.494064
vn 0.000000 0.000000 2.494064
vn 0.000000 0.000000 2.494064
vn 0.000000 0.000000 2.489855
vn 0.000000 0.000000 2.494064
vn 0.000000 0.000000 2.494064
vn 0.000000 0.000000 2.494064
vn 0.000000 0.000000 2.489855
vn 0.000000 0.000000 2.494064
vn 0.000000 0.000000 2.489855
vn 0.000000 0.000000 2.494064
vn 0.000000 0.000000 2.494064
vn 0.000000 0.000000 2.494064
vn 0.000000 0.000000 2.494064
vn 0.000000 0.000000 2.494064
vn 0.000000 0.000000 2.494064
vn 0.000000 0.000000 2.494064
vn 0.000000 0.000000 2.494064
vn 0.000000 0.000000 2.494064
vn 0.000000 0.000000 2.494064
vn 0.000000 0.000000 2.494064
vn 0.000000 0.000000 2.494064
vn 0.000000 0.000000 2.494064
vn 0.000000 0.000000 2.494064
vn 0.000000 0.000000 2.494064
vn 0.000000 0.000000 2.494064
vn 0.000000 0.000000 2.489855
vn 0.000000 0.000000 2.494064
vn 0.000000 0.000000 2.489855
vn 0.000000 0.000000 2.494064
vn 0.000000 0.000000 2.494064
vn 0.000000 0.000000 2.494064
vn 0.000000 0.000000 2.494064
vn 0.000000 0.000000 2.489855
vn 0.000000 0.000000 2.494064
vn 0.000000 0.000000 2.494064
vn 0.000000 0.000000 2.494064
vn 0.000000 0.000000 2.494064
vn 0.000000 0.000000 2.494064
vn 0.000000 0.000000 2.494064
vn 0.000000 0.000000 2.494064
vn 0.000000 0.000000 2.494064
vn 0.000000 0.000000 2.494064
vn 0.000000 0.000000 2.494064
vn 0.000000 0.000000 2.494064
vn 0.000000 0.000000 2.494064
vn 0.000000 0.000000 2.494064
vn 0.000000 0.000000 2.494064
vn 0.000000 0.000000 2.494064
vn 0.000000 0.000000 2.494064
vn 0.000000 0.000000 2.489855
vn 0.000000 0.000000 2.494064
vn 0.000000 0.000000 2.494064
vn 0.000000 0.000000 2.494064
vn 0.000000 0.000000 2.489855
vn 0.000000 0.000000 2.494064
vn 0.000000 0.000000 2.494064
vn 0.000000 0.000000 2.494064
vn 0.000000 0.000000 2.489855
vn 0.000000 0.000000 2.494064
vn 0.000000 0.000000 2.494064
vn 0.000000 0.000000 2.494064
vn 0.000000 0.000000 2.489855
vn 0.000000 0.000000 2.494064
vn 0.000000 0.000000 2.494064
vn 0.000000 0.000000 2.494064
vn 0.000000 0.000000 2.494064
vn 0.000000 0.000000 2.494064
vn 0.000000 0.000000 2.494064
vn 0.000000 0.000000 2.494064
vn 0.000000 0.000000 2.489855
vn 0.000000 0.000000 2.494064
vn 0.000000 0.000000 2.489855
vn 0.000000 0.000000 2.494064
vn 0.000000 0.000000 2.489855
vn 0.000000 0.000000 2.494064
vn 0.000000 0.000000 2.494064
vn 0.000000 0.000000 2.494064
vn 0.000000 0.000000 2.494064
vn 0.000000 0.000000 2.494064
vn 0.000000 0.000000 2.494064
vn 0.000000 0.000000 2.494064
vn 0.000000 0.000000 2.494064
vn 0.000000 0.000000 2.494064
vn 0.000000 0.000000 2.494064
vn 0.000000 0.000000 2.494064
vn 0.000000 0.000000 2.494064
vn 0.000000 0.000000 2.494064
vn 0.000000 0.000000 2.494064
vn 0.000000 0.000000 2.494064
vn 0.000000 0.000000 2.489855
vn 0.000000 0.000000 2.494064
vn 0.000000 0.000000 2.494064
vn 0.000000 0.000000 2.489855
vn 0.000000 0.000000 2.494064
vn 0.000000 0.000000 2.494064
vn 0.000000 0.000000 2.494064
vn 0.000000 0.000000 2.494064
vn 0.000000 0.000000 2.494064
vn 0.000000 0.000000 2.494064
vn 0.000000 0.000000 2.494064
vn 0.000000 0.000000 2.494064
vn 0.000000 0.000000 2.494064
vn 0.000000 0.000000 2.494064
vn 0.000000 0.000000 2.489855
vn 0.000000 0.000000 2.494064
vn 0.000000 0.000000 2.494064
vn 0.000000 0.000000 2.494064
vn 0.000000 0.000000 2.494064
vn 0.000000 0.000000 2.494064
vn 0.000000 0.000000 2.494064
vn 0.000000 0.000000 2.494064
vn 0.000000 0.000000 2.494064
vn 0.000000 0.000000 2.489855
vn 0.000000 0.000000 2.494064
vn 0.000000 0.000000 2.494064
vn 0.000000 0.000000 2.494064
vn 0.000000 0.000000 2.494064
vn 0.000000 0.000000 2.494064
vn 0.000000 0.000000 2.489855
vn 0.000000 0.000000 2.494064
vn 0.000000 0.000000 2.494064
vn 0.000000 0.000000 2.494064
vn 0.000000 0.000000 2.494064
vn 0.000000 0.000000 2.494064
vn 0.000000 0.000000 2.489855
vn 0.000000 0.000000 2.494064
vn 0.000000 0.000000 2.494064
vn 0.000000 0.000000 2.494064
vn 0.000000 0.000000 2.494064
vn 0.000000 0.000000 2.489855
vn 0.000000 0.000000 2.494064
vn 0.000000 0.000000 2.494064
vn 0.000000 0.000000 2.494064
vn 0.000000 0.000000 2.494064
vn 0.000000 0.000000 2.494064
vn 0.000000 0.000000 2.494064
vn 0.000000 0.000000 2.494064
vn 0.000000 0.000000 2.494064
vn 0.000000 0.000000 2.494064
vn 0.000000 0.000000 2.494064
vn 0.000000 0.000000 2.489855
vn 0.000000 0.000000 2.494064
vn 0.000000 0.000000 2.489855
vn 0.000000 0.000000 2.494064
vn 0.000000 0.000000 2.489855
vn 0.000000 0.000000 2.494064
vn 0.000000 0.000000 2.494064
vn 0.000000 0.000000 2.494064
vn 0.000000 0.000000 2.489855
vn 0.000000 0.000000 2.489855
vn 0.000000 0.000000 2.494064
vn 0.000000 0.000000 2.494064
vn 0.000000 0.000000 2.494064
vn 0.000000 0.000000 2.494064
vn 0.000000 0.000000 2.494064
vn 0.000000 0.000000 2.494064
vn 0.000000 0.000000 2.494064
vn 0.000000 0.000000 2.494064
vn 0.000000 0.000000 2.494064
vn 0.000000 0.000000 2.494064
vn 0.000000 0.000000 2.494064
vn 0.000000 0.000000 2.494064
vn 0.000000 0.000000 2.494064
vn 0.000000 0.000000 2.494064
vn 0.000000 0.000000 2.494064
vn 0.000000 0.000000 2.494064
vn 0.000000 0.000000 2.494064
vn 0.000000 0.000000 2.494064
vn 0.000000 0.000000 2.494064
vn 0.000000 0.000000 2.494064
vn 0.000000 0.000000 2.494064
vn 0.000000 0.000000 2.494064
vn 0.000000 0.000000 2.489855
vn 0.000000 0.000000 2.494064
vn 0.000000 0.000000 2.494064
vn 0.000000 0.000000 2.494064
vn 0.000000 0.000000 2.494064
vn 0.000000 0.000000 2.494064
vn 0.000000 0.000000 2.494064
vn 0.000000 0.000000 2.494064
vn 0.000000 0.000000 2.494064
vn 0.000000 0.000000 2.494064
vn 0.000000 0.000000 2.494064
vn 0.000000 0.000000 2.494064
vn 0.000000 0.000000 2.494064
vn 0.000000 0.000000 2.494064
vn 0.000000 0.000000 2.494064
vn 0.000000 0.000000 2.494064
vn 0.000000 0.000000 2.489855
vn 0.000000 0.000000 2.494064
vn 0.000000 0.000000 2.494064
vn 0.000000 0.000000 2.494064
vn 0.000000 0.000000 2.494064
vn 0.000000 0.000000 2.494064
vn 0.000000 0.000000 2.494064
vn 0.000000 0.000000 2.489855
vn 0.000000 0.000000 2.494064
vn 0.000000 0.000000 2.494064
vn 0.000000 0.000000 2.494064
vn 0.000000 0.000000 2.494064
vn 0.000000 0.000000 2.494064
vn 0.000000 0.000000 2.489855
vn 0.000000 0.000000 2.494064
vn 0.000000 0.000000 2.489855
vn 0.000000 0.000000 2.494064
vn 0.000000 0.000000 2.494064
vn 0.000000 0.000000 2.494064
vn 0.000000 0.000000 2.494064
vn 0.000000 0.000000 2.494064
vn 0.000000 0.000000 2.494064
vn 0.000000 0.000000 2.494064
vn 0.000000 0.000000 2.489855
vn 0.000000 0.000000 2.494064
vn 0.000000 0.000000 2.489855
vn 0.000000 0.000000 2.494064
vn 0.000000 0.000000 2.494064
vn 0.000000 0.000000 2.494064
vn 0.000000 0.000000 2.494064
vn 0.000000 0.000000 2.494064
vn 0.000000 0.000000 2.494064
vn 0.000000 0.000000 2.489855
vn 0.000000 0.000000 2.494064
vn 0.000000 0.000000 2.494064
vn 0.000000 0.000000 2.494064
vn 0.000000 0.000000 2.494064
vn 0.000000 0.000000 2.494064
vn 0.000000 0.000000 2.494064
vn 0.000000 0.000000 2.494064
vn 0.000000 0.000000 2.489855
vn 0.255811 -0.966727 0.000000
vn 0.255811 -0.966727 0.000000
vn 0.207308 -0.978276 0.000000
vn 0.207308 -0.978276 0.000000
vn 0.113495 -0.991840 0.000000
vn 0.113495 -0.991840 0.000000
vn 0.041075 -0.997467 0.000000
vn 0.041075 -0.997467 0.000000
vn 0.002835 -0.998308 0.000000
vn 0.002835 -0.998308 0.000000
vn -0.012268 -0.999925 0.000000
vn -0.012268 -0.999925 0.000000
vn 0.009220 -0.999958 0.000000
vn 0.009220 -0.999958 0.000000
vn -0.001219 -0.999999 0.000000
vn -0.001219 -0.999999 0.000000
vn -0.082525 -0.994896 0.000000
vn -0.082525 -0.994896 0.000000
vn -0.178836 -0.982163 0.000000
vn -0.178836 -0.982163 0.000000
vn -0.277241 -0.959044 0.000000
vn -0.277241 -0.959044 0.000000
vn -0.385156 -0.922851 0.000000
vn -0.385156 -0.922851 0.000000
vn -0.503356 -0.864079 0.000000
vn -0.503356 -0.864079 0.000000
vn -0.598791 -0.800905 0.000000
vn -0.598791 -0.800905 0.000000
vn -0.666649 -0.745372 0.000000
vn -0.666649 -0.745372 0.000000
vn -0.732688 -0.680565 0.000000
vn -0.732688 -0.680565 0.000000
vn -0.805974 -0.591951 0.000000
vn -0.805974 -0.591951 0.000000
vn -0.873145 -0.483990 0.000000
vn -0.873145 -0.483990 0.000000
vn -0.926153 -0.377149 0.000000
vn -0.926153 -0.377149 0.000000
vn -0.958479 -0.285163 0.000000
vn -0.958479 -0.285163 0.000000
vn -0.992700 -0.120608 0.000000
vn -0.992700 -0.120608 0.000000
vn -0.997009 -0.050994 0.000000
vn -0.997009 -0.050994 0.000000
vn -0.983651 -0.170464 0.000000
vn -0.983651 -0.170464 0.000000
vn -0.953490 -0.301424 0.000000
vn -0.953490 -0.301424 0.000000
vn -0.886210 -0.463284 0.000000
vn -0.886210 -0.463284 0.000000
vn -0.735532 -0.674997 0.000000
vn -0.735532 -0.674997 0.000000
vn -0.623343 -0.781948 0.000000
vn -0.623343 -0.781948 0.000000
vn -0.929374 0.369139 0.000000
vn -0.929374 0.369139 0.000000
vn -0.913066 0.403656 0.000000
vn -0.913066 0.403656 0.000000
vn -0.879013 0.476798 0.000000
vn -0.879013 0.476798 0.000000
vn -0.834954 0.550320 0.000000
vn -0.834954 0.550320 0.000000
vn -0.756970 0.653449 0.000000
vn -0.756970 0.653449 0.000000
vn -0.696706 0.715002 0.000000
vn -0.696706 0.715002 0.000000
vn -0.173479 0.983124 0.000000
vn -0.173479 0.983124 0.000000
vn -0.307239 0.949859 0.000000
vn -0.307239 0.949859 0.000000
vn -0.480589 0.876946 0.000000
vn -0.480589 0.876946 0.000000
vn -0.560889 0.827891 0.000000
vn -0.560889 0.827891 0.000000
vn -0.627431 0.778672 0.000000
vn -0.627431 0.778672 0.000000
vn -0.695567 0.718462 0.000000
vn -0.695567 0.718462 0.000000
vn -0.772356 0.632530 0.000000
vn -0.772356 0.632530 0.000000
vn -0.845644 0.530579 0.000000
vn -0.845644 0.530579 0.000000
vn -0.901253 0.433294 0.000000
vn -0.901253 0.433294 0.000000
vn -0.933500 0.353843 0.000000
vn -0.933500 0.353843 0.000000
vn -0.957549 0.282359 0.000000
vn -0.957549 0.282359 0.000000
vn -0.979362 0.202115 0.000000
vn -0.979362 0.202115 0.000000
vn -0.985598 0.158824 0.000000
vn -0.985598 0.158824 0.000000
vn -0.849152 -0.528148 0.000000
vn -0.849152 -0.528148 0.000000
vn -0.811898 -0.580903 0.000000
vn -0.811898 -0.580903 0.000000
vn -0.739855 -0.672766 0.000000
vn -0.739855 -0.672766 0.000000
vn -0.673171 -0.737203 0.000000
vn -0.673171 -0.737203 0.000000
vn -0.715169 -0.696535 0.000000
vn -0.715169 -0.696535 0.000000
vn -0.801443 -0.595245 0.000000
vn -0.801443 -0.595245 0.000000
vn -0.844692 -0.535253 0.000000
vn -0.844692 -0.535253 0.000000
vn -0.885920 -0.463838 0.000000
vn -0.885920 -0.463838 0.000000
vn -0.924341 -0.381568 0.000000
vn -0.924341 -0.381568 0.000000
vn -0.955048 -0.290707 0.000000
vn -0.955048 -0.290707 0.000000
vn -0.978733 -0.196748 0.000000
vn -0.978733 -0.196748 0.000000
vn -0.993386 -0.114823 0.000000
vn -0.993386 -0.114823 0.000000
vn -0.999353 -0.035968 0.000000
vn -0.999353 -0.035968 0.000000
vn -0.995490 0.075019 0.000000
vn -0.995490 0.075019 0.000000
vn -0.978638 0.205593 0.000000
vn -0.978638 0.205593 0.000000
vn -0.942727 0.328471 0.000000
vn -0.942727 0.328471 0.000000
vn -0.898113 0.439766 0.000000
vn -0.898113 0.439766 0.000000
vn -0.843638 0.533762 0.000000
vn -0.843638 0.533762 0.000000
vn -0.790080 0.613003 0.000000
vn -0.790080 0.613003 0.000000
vn -0.730285 0.680670 0.000000
vn -0.730285 0.680670 0.000000
vn -0.663315 0.746084 0.000000
vn -0.663315 0.746084 0.000000
vn -0.602276 0.796173 0.000000
vn -0.602276 0.796173 0.000000
vn -0.578122 0.815950 0.000000
vn -0.578122 0.815950 0.000000
vn -0.998029 0.023780 0.000000
vn -0.998029 0.023780 0.000000
vn -0.981928 0.180125 0.000000
vn -0.981928 0.180125 0.000000
vn -0.917370 0.393777 0.000000
vn -0.917370 0.393777 0.000000
vn -0.863635 0.500761 0.000000
vn -0.863635 0.500761 0.000000
vn -0.803068 0.593050 0.000000
vn -0.803068 0.593050 0.000000
vn -0.741393 0.671071 0.000000
vn -0.741393 0.671071 0.000000
vn -0.774160 0.632990 0.000000
vn -0.774160 0.632990 0.000000
vn -0.865085 0.501625 0.000000
vn -0.865085 0.501625 0.000000
vn -0.918232 0.391763 0.000000
vn -0.918232 0.391763 0.000000
vn -0.955041 0.290732 0.000000
vn -0.955041 0.290732 0.000000
vn -0.953321 0.296321 0.000000
vn -0.953321 0.296321 0.000000
vn -0.915457 0.398203 0.000000
vn -0.915457 0.398203 0.000000
vn -0.919253 0.393668 0.000000
vn -0.919253 0.393668 0.000000
vn -0.951768 0.301272 0.000000
vn -0.951768 0.301272 0.000000
vn -0.976836 0.205957 0.000000
vn -0.976836 0.205957 0.000000
vn -0.994447 0.087766 0.000000
vn -0.994447 0.087766 0.000000
vn -0.999602 -0.028225 0.000000
vn -0.999602 -0.028225 0.000000
vn -0.990377 -0.125623 0.000000
vn -0.990377 -0.125623 0.000000
vn -0.976529 -0.215387 0.000000
vn -0.976529 -0.215387 0.000000
vn -0.951203 -0.303053 0.000000
vn -0.951203 -0.303053 0.000000
vn -0.920953 -0.385323 0.000000
vn -0.920953 -0.385323 0.000000
vn -0.886462 -0.462802 0.000000
vn -0.886462 -0.462802 0.000000
vn -0.845341 -0.531061 0.000000
vn -0.845341 -0.531061 0.000000
vn -0.813084 -0.582147 0.000000
vn -0.813084 -0.582147 0.000000
vn -0.831330 -0.552737 0.000000
vn -0.831330 -0.552737 0.000000
vn -0.892268 -0.451505 0.000000
vn -0.892268 -0.451505 0.000000
vn -0.936508 -0.345805 0.000000
vn -0.936508 -0.345805 0.000000
vn -0.964515 -0.257563 0.000000
vn -0.964515 -0.257563 0.000000
vn -0.981672 -0.181517 0.000000
vn -0.981672 -0.181517 0.000000
vn -0.992851 -0.104280 0.000000
vn -0.992851 -0.104280 0.000000
vn -0.997908 -0.028427 0.000000
vn -0.997908 -0.028427 0.000000
vn -0.997243 0.046199 0.000000
vn -0.997243 0.046199 0.000000
vn -0.951895 0.300872 0.000000
vn -0.951895 0.300872 0.000000
vn -0.843690 0.533680 0.000000
vn -0.843690 0.533680 0.000000
vn -0.803284 0.592758 0.000000
vn -0.803284 0.592758 0.000000
vn -0.753048 0.655398 0.000000
vn -0.753048 0.655398 0.000000
vn -0.693602 0.720358 0.000000
vn -0.693602 0.720358 0.000000
vn -0.632102 0.774885 0.000000
vn -0.632102 0.774885 0.000000
vn -0.562072 0.827089 0.000000
vn -0.562072 0.827089 0.000000
vn -0.448363 0.891963 0.000000
vn -0.448363 0.891963 0.000000
vn -0.290872 0.954998 0.000000
vn -0.290872 0.954998 0.000000
vn -0.161962 0.985087 0.000000
vn -0.161962 0.985087 0.000000
vn -0.185254 0.980973 0.000000
vn -0.185254 0.980973 0.000000
vn -0.375939 0.926644 0.000000
vn -0.375939 0.926644 0.000000
vn -0.627925 0.776105 0.000000
vn -0.627925 0.776105 0.000000
vn -0.753778 0.654558 0.000000
vn -0.753778 0.654558 0.000000
vn -0.857927 0.513772 0.000000
vn -0.857927 0.513772 0.000000
vn -0.936751 0.345145 0.000000
vn -0.936751 0.345145 0.000000
vn -0.270803 0.960881 0.000000
vn -0.270803 0.960881 0.000000
vn -0.306337 0.950150 0.000000
vn -0.306337 0.950150 0.000000
vn -0.380272 0.923050 0.000000
vn -0.380272 0.923050 0.000000
vn -0.461357 0.885312 0.000000
vn -0.461357 0.885312 0.000000
vn -0.551198 0.832351 0.000000
vn -0.551198 0.832351 0.000000
vn -0.637059 0.770815 0.000000
vn -0.637059 0.770815 0.000000
vn -0.700708 0.713448 0.000000
vn -0.700708 0.713448 0.000000
vn -0.753237 0.657749 0.000000
vn -0.753237 0.657749 0.000000
vn -0.803948 0.591857 0.000000
vn -0.803948 0.591857 0.000000
vn -0.862082 0.506769 0.000000
vn -0.862082 0.506769 0.000000
vn -0.913193 0.403368 0.000000
vn -0.913193 0.403368 0.000000
vn -0.948534 0.311304 0.000000
vn -0.948534 0.311304 0.000000
vn -0.937422 0.348196 0.000000
vn -0.937422 0.348196 0.000000
vn -0.872225 0.485645 0.000000
vn -0.872225 0.485645 0.000000
vn -0.779256 0.626706 0.000000
vn -0.779256 0.626706 0.000000
vn -0.618056 0.783987 0.000000
vn -0.618056 0.783987 0.000000
vn -0.513626 0.856047 0.000000
vn -0.513626 0.856047 0.000000
vn 0.002461 0.998309 0.000000
vn 0.002461 0.998309 0.000000
vn 0.042039 0.999116 0.000000
vn 0.042039 0.999116 0.000000
vn 0.118598 0.991243 0.000000
vn 0.118598 0.991243 0.000000
vn 0.155620 0.986108 0.000000
vn 0.155620 0.986108 0.000000
vn 0.735070 0.677992 0.000000
vn 0.735070 0.677992 0.000000
vn 0.808334 0.588725 0.000000
vn 0.808334 0.588725 0.000000
vn 0.902957 0.425788 0.000000
vn 0.902957 0.425788 0.000000
vn 0.955171 0.296054 0.000000
vn 0.955171 0.296054 0.000000
vn 0.984726 0.174113 0.000000
vn 0.984726 0.174113 0.000000
vn 0.995837 0.070261 0.000000
vn 0.995837 0.070261 0.000000
vn 0.999996 0.002871 0.000000
vn 0.999996 0.002871 0.000000
vn 0.997997 0.025077 0.000000
vn 0.997997 0.025077 0.000000
vn 0.999862 0.016641 0.000000
vn 0.999862 0.016641 0.000000
vn 0.995095 -0.098919 0.000000
vn 0.995095 -0.098919 0.000000
vn 0.970736 -0.233022 0.000000
vn 0.970736 -0.233022 0.000000
vn 0.908115 -0.414675 0.000000
vn 0.908115 -0.414675 0.000000
vn 0.853665 -0.520823 0.000000
vn 0.853665 -0.520823 0.000000
vn 0.349800 -0.936824 0.000000
vn 0.349800 -0.936824 0.000000
vn 0.285262 -0.956689 0.000000
vn 0.285262 -0.956689 0.000000
vn 0.203304 -0.979116 0.000000
vn 0.203304 -0.979116 0.000000
vn 0.216018 -0.974661 0.000000
vn 0.216018 -0.974661 0.000000
vn 0.293094 -0.954318 0.000000
vn 0.293094 -0.954318 0.000000
vn 0.412909 -0.908919 0.000000
vn 0.412909 -0.908919 0.000000
vn 0.584968 -0.808974 0.000000
vn 0.584968 -0.808974 0.000000
vn 0.820117 -0.572197 0.000000
vn 0.820117 -0.572197 0.000000
vn 0.944957 -0.322000 0.000000
vn 0.944957 -0.322000 0.000000
vn 0.978015 -0.208534 0.000000
vn 0.978015 -0.208534 0.000000
vn 0.992403 -0.108458 0.000000
vn 0.992403 -0.108458 0.000000
vn 0.999569 -0.029348 0.000000
vn 0.999569 -0.029348 0.000000
vn 0.997581 0.038208 0.000000
vn 0.997581 0.038208 0.000000
vn 0.992274 0.109636 0.000000
vn 0.992274 0.109636 0.000000
vn 0.981244 0.183813 0.000000
vn 0.981244 0.183813 0.000000
vn 0.964084 0.265596 0.000000
vn 0.964084 0.265596 0.000000
vn 0.926296 0.376797 0.000000
vn 0.926296 0.376797 0.000000
vn 0.896038 0.443978 0.000000
vn 0.896038 0.443978 0.000000
vn 0.274788 0.961505 0.000000
vn 0.274788 0.961505 0.000000
vn 0.274788 0.961505 0.000000
vn 0.274788 0.961505 0.000000
vn 0.998279 -0.008178 0.000000
vn 0.998279 -0.008178 0.000000
vn 0.998279 -0.008178 0.000000
vn 0.998279 -0.008178 0.000000
vn 0.000000 0.000000 -2.494064
vn 0.000000 0.000000 -2.494064
vn 0.000000 0.000000 -2.494064
vn 0.000000 0.000000 -2.494064
vn 0.000000 0.000000 -2.494064
vn 0.000000 0.000000 -2.494064
vn 0.000000 0.000000 -2.494064
vn 0.000000 0.000000 -2.494064
vn 0.000000 0.000000 -2.494064
vn 0.000000 0.000000 -2.494064
vn 0.000000 0.000000 -2.494064
vn 0.000000 0.000000 -2.494064
vn 0.000000 0.000000 -2.494064
vn 0.000000 0.000000 -2.494064
vn 0.000000 0.000000 -2.494064
vn 0.000000 0.000000 -2.494064
vn 0.000000 0.000000 -2.494064
vn 0.000000 0.000000 -2.489855
vn 0.000000 0.000000 -2.494064
vn 0.000000 0.000000 -2.494064
vn 0.000000 0.000000 -2.494064
vn 0.000000 0.000000 -2.489855
vn 0.000000 0.000000 -2.494064
vn 0.000000 0.000000 -2.494064
vn 0.000000 0.000000 -2.494064
vn 0.000000 0.000000 -2.494064
vn 0.000000 0.000000 -2.489855
vn 0.000000 0.000000 -2.494064
vn 0.000000 0.000000 -2.489855
vn 0.000000 0.000000 -2.494064
vn 0.000000 0.000000 -2.489855
vn 0.000000 0.000000 -2.494064
vn 0.000000 0.000000 -2.494064
vn 0.000000 0.000000 -2.494064
vn 0.000000 0.000000 -2.494064
vn 0.000000 0.000000 -2.494064
vn 0.000000 0.000000 -2.489855
vn 0.000000 0.000000 -2.494064
vn 0.000000 0.000000 -2.494064
vn 0.000000 0.000000 -2.494064
vn 0.000000 0.000000 -2.494064
vn 0.000000 0.000000 -2.494064
vn 0.000000 0.000000 -2.489855
vn 0.000000 0.000000 -2.494064
vn 0.000000 0.000000 -2.494064
vn 0.000000 0.000000 -2.494064
vn 0.000000 0.000000 -2.494064
vn 0.000000 0.000000 -2.494064
vn 0.000000 0.000000 -2.494064
vn 0.000000 0.000000 -2.494064
vn 0.000000 0.000000 -2.494064
vn 0.000000 0.000000 -2.494064
vn 0.000000 0.000000 -2.494064
vn 0.000000 0.000000 -2.494064
vn 0.000000 0.000000 -2.489855
vn 0.000000 0.000000 -2.489855
vn 0.000000 0.000000 -2.494064
vn 0.000000 0.000000 -2.494064
vn 0.000000 0.000000 -2.494064
vn 0.000000 0.000000 -2.494064
vn 0.000000 0.000000 -2.489855
vn 0.000000 0.000000 -2.494064
vn 0.000000 0.000000 -2.494064
vn 0.000000 0.000000 -2.494064
vn 0.000000 0.000000 -2.494064
vn 0.000000 0.000000 -2.489855
vn 0.000000 0.000000 -2.489855
vn 0.000000 0.000000 -2.494064
vn 0.000000 0.000000 -2.489855
vn 0.000000 0.000000 -2.494064
vn 0.000000 0.000000 -2.489855
vn 0.000000 0.000000 -2.489855
vn 0.000000 0.000000 -2.489855
vn 0.000000 0.000000 -2.489855
vn 0.000000 0.000000 -2.494064
vn 0.000000 0.000000 -2.494064
vn 0.000000 0.000000 -2.494064
vn 0.000000 0.000000 -2.494064
vn 0.000000 0.000000 -2.494064
vn 0.000000 0.000000 -2.494064
vn 0.000000 0.000000 -2.489855
vn 0.000000 0.000000 -2.494064
vn 0.000000 0.000000 -2.494064
vn 0.000000 0.000000 -2.494064
vn 0.000000 0.000000 -2.494064
vn 0.000000 0.000000 -2.494064
vn 0.000000 0.000000 -2.494064
vn 0.000000 0.000000 -2.494064
vn 0.000000 0.000000 -2.494064
vn 0.000000 0.000000 -2.494064
vn 0.000000 0.000000 -2.494064
vn 0.000000 0.000000 -2.494064
vn 0.000000 0.000000 -2.494064
vn 0.000000 0.000000 -2.489855
vn 0.000000 0.000000 -2.494064
vn 0.000000 0.000000 -2.494064
vn 0.000000 0.000000 -2.489855
vn 0.000000 0.000000 -2.494064
vn 0.000000 0.000000 -2.494064
vn 0.000000 0.000000 -2.489855
vn 0.000000 0.000000 -2.494064
vn 0.000000 0.000000 -2.494064
vn 0.000000 0.000000 -2.494064
vn 0.000000 0.000000 -2.494064
vn 0.000000 0.000000 -2.494064
vn 0.000000 0.000000 -2.494064
vn 0.000000 0.000000 -2.494064
vn 0.000000 0.000000 -2.494064
vn 0.000000 0.000000 -2.494064
vn 0.000000 0.000000 -2.494064
vn 0.000000 0.000000 -2.494064
vn 0.000000 0.000000 -2.494064
vn 0.000000 0.000000 -2.494064
vn 0.000000 0.000000 -2.494064
vn 0.000000 0.000000 -2.494064
vn 0.000000 0.000000 -2.494064
vn 0.000000 0.000000 -2.489855
vn 0.000000 0.000000 -2.494064
vn 0.000000 0.000000 -2.489855
vn 0.000000 0.000000 -2.494064
vn 0.000000 0.000000 -2.494064
vn 0.000000 0.000000 -2.494064
vn 0.000000 0.000000 -2.494064
vn 0.000000 0.000000 -2.494064
vn 0.000000 0.000000 -2.489855
vn 0.000000 0.000000 -2.494064
vn 0.000000 0.000000 -2.494064
vn 0.000000 0.000000 -2.494064
vn 0.000000 0.000000 -2.494064
vn 0.000000 0.000000 -2.494064
vn 0.000000 0.000000 -2.494064
vn 0.000000 0.000000 -2.494064
vn 0.000000 0.000000 -2.494064
vn 0.000000 0.000000 -2.494064
vn 0.000000 0.000000 -2.494064
vn 0.000000 0.000000 -2.494064
vn 0.000000 0.000000 -2.494064
vn 0.000000 0.000000 -2.494064
vn 0.000000 0.000000 -2.494064
vn 0.000000 0.000000 -2.494064
vn 0.000000 0.000000 -2.489855
vn 0.000000 0.000000 -2.494064
vn 0.000000 0.000000 -2.494064
vn 0.000000 0.000000 -2.489855
vn 0.000000 0.000000 -2.494064
vn 0.000000 0.000000 -2.494064
vn 0.000000 0.000000 -2.494064
vn 0.000000 0.000000 -2.494064
vn 0.000000 0.000000 -2.489855
vn 0.000000 0.000000 -2.494064
vn 0.000000 0.000000 -2.494064
vn 0.000000 0.000000 -2.494064
vn 0.000000 0.000000 -2.489855
vn 0.000000 0.000000 -2.494064
vn 0.000000 0.000000 -2.494064
vn 0.000000 0.000000 -2.494064
vn 0.000000 0.000000 -2.494064
vn 0.000000 0.000000 -2.494064
vn 0.000000 0.000000 -2.494064
vn 0.000000 0.000000 -2.489855
vn 0.000000 0.000000 -2.494064
vn 0.000000 0.000000 -2.489855
vn 0.000000 0.000000 -2.494064
vn 0.000000 0.000000 -2.489855
vn 0.000000 0.000000 -2.494064
vn 0.000000 0.000000 -2.494064
vn 0.000000 0.000000 -2.494064
vn 0.000000 0.000000 -2.494064
vn 0.000000 0.000000 -2.494064
vn 0.000000 0.000000 -2.494064
vn 0.000000 0.000000 -2.494064
vn 0.000000 0.000000 -2.494064
vn 0.000000 0.000000 -2.494064
vn 0.000000 0.000000 -2.494064
vn 0.000000 0.000000 -2.494064
vn 0.000000 0.000000 -2.494064
vn 0.000000 0.000000 -2.494064
vn 0.000000 0.000000 -2.494064
vn 0.000000 0.000000 -2.494064
vn 0.000000 0.000000 -2.494064
vn 0.000000 0.000000 -2.494064
vn 0.000000 0.000000 -2.489855
vn 0.000000 0.000000 -2.494064
vn 0.000000 0.000000 -2.494064
vn 0.000000 0.000000 -2.489855
vn 0.000000 0.000000 -2.494064
vn 0.000000 0.000000 -2.494064
vn 0.000000 0.000000 -2.494064
vn 0.000000 0.000000 -2.494064
vn 0.000000 0.000000 -2.494064
vn 0.000000 0.000000 -2.494064
vn 0.000000 0.000000 -2.494064
vn 0.000000 0.000000 -2.494064
vn 0.000000 0.000000 -2.489855
vn 0.000000 0.000000 -2.494064
vn 0.000000 0.000000 -2.494064
vn 0.000000 0.000000 -2.494064
vn 0.000000 0.000000 -2.494064
vn 0.000000 0.000000 -2.494064
vn 0.000000 0.000000 -2.494064
vn 0.000000 0.000000 -2.494064
vn 0.000000 0.000000 -2.494064
vn 0.000000 0.000000 -2.494064
vn 0.000000 0.000000 -2.489855
vn 0.000000 0.000000 -2.494064
vn 0.000000 0.000000 -2.494064
vn 0.000000 0.000000 -2.494064
vn 0.000000 0.000000 -2.494064
vn 0.000000 0.000000 -2.494064
vn 0.000000 0.000000 -2.489855
vn 0.000000 0.000000 -2.494064
vn 0.000000 0.000000 -2.494064
vn 0.000000 0.000000 -2.494064
vn 0.000000 0.000000 -2.494064
vn 0.000000 0.000000 -2.494064
vn 0.000000 0.000000 -2.489855
vn 0.000000 0.000000 -2.494064
vn 0.000000 0.000000 -2.494064
vn 0.000000 0.000000 -2.494064
vn 0.000000 0.000000 -2.494064
vn 0.000000 0.000000 -2.489855
vn 0.000000 0.000000 -2.494064
vn 0.000000 0.000000 -2.494064
vn 0.000000 0.000000 -2.494064
vn 0.000000 0.000000 -2.494064
vn 0.000000 0.000000 -2.494064
vn 0.000000 0.000000 -2.494064
vn 0.000000 0.000000 -2.494064
vn 0.000000 0.000000 -2.494064
vn 0.000000 0.000000 -2.494064
vn 0.000000 0.000000 -2.494064
vn 0.000000 0.000000 -2.489855
vn 0.000000 0.000000 -2.489855
vn 0.000000 0.000000 -2.494064
vn 0.000000 0.000000 -2.489855
vn 0.000000 0.000000 -2.494064
vn 0.000000 0.000000 -2.494064
vn 0.000000 0.000000 -2.494064
vn 0.000000 0.000000 -2.494064
vn 0.000000 0.000000 -2.489855
vn 0.000000 0.000000 -2.489855
vn 0.000000 0.000000 -2.494064
vn 0.000000 0.000000 -2.494064
vn 0.000000 0.000000 -2.494064
vn 0.000000 0.000000 -2.494064
vn 0.000000 0.000000 -2.494064
vn 0.000000 0.000000 -2.494064
vn 0.000000 0.000000 -2.494064
vn 0.000000 0.000000 -2.494064
vn 0.000000 0.000000 -2.494064
vn 0.000000 0.000000 -2.494064
vn 0.000000 0.000000 -2.494064
vn 0.000000 0.000000 -2.494064
vn 0.000000 0.000000 -2.494064
vn 0.000000 0.000000 -2.494064
vn 0.000000 0.000000 -2.494064
vn 0.000000 0.000000 -2.494064
vn 0.000000 0.000000 -2.494064
vn 0.000000 0.000000 -2.494064
vn 0.000000 0.000000 -2.494064
vn 0.000000 0.000000 -2.494064
vn 0.000000 0.000000 -2.494064
vn 0.000000 0.000000 -2.494064
vn 0.000000 0.000000 -2.489855
vn 0.000000 0.000000 -2.494064
vn 0.000000 0.000000 -2.494064
vn 0.000000 0.000000 -2.494064
vn 0.000000 0.000000 -2.494064
vn 0.000000 0.000000 -2.494064
vn 0.000000 0.000000 -2.494064
vn 0.000000 0.000000 -2.494064
vn 0.000000 0.000000 -2.494064
vn 0.000000 0.000000 -2.494064
vn 0.000000 0.000000 -2.494064
vn 0.000000 0.000000 -2.494064
vn 0.000000 0.000000 -2.494064
vn 0.000000 0.000000 -2.494064
vn 0.000000 0.000000 -2.494064
vn 0.000000 0.000000 -2.489855
vn 0.000000 0.000000 -2.494064
vn 0.000000 0.000000 -2.494064
vn 0.000000 0.000000 -2.494064
vn 0.000000 0.000000 -2.494064
vn 0.000000 0.000000 -2.494064
vn 0.000000 0.000000 -2.494064
vn 0.000000 0.000000 -2.494064
vn 0.000000 0.000000 -2.489855
vn 0.000000 0.000000 -2.494064
vn 0.000000 0.000000 -2.494064
vn 0.000000 0.000000 -2.494064
vn 0.000000 0.000000 -2.494064
vn 0.000000 0.000000 -2.494064
vn 0.000000 0.000000 -2.489855
vn 0.000000 0.000000 -2.494064
vn 0.000000 0.000000 -2.489855
vn 0.000000 0.000000 -2.494064
vn 0.000000 0.000000 -2.494064
vn 0.000000 0.000000 -2.494064
vn 0.000000 0.000000 -2.494064
vn 0.000000 0.000000 -2.494064
vn 0.000000 0.000000 -2.494064
vn 0.000000 0.000000 -2.494064
vn 0.000000 0.000000 -2.489855
vn 0.000000 0.000000 -2.494064
vn 0.000000 0.000000 -2.494064
vn 0.000000 0.000000 -2.489855
vn 0.000000 0.000000 -2.494064
vn 0.000000 0.000000 -2.494064
vn 0.000000 0.000000 -2.494064
vn 0.000000 0.000000 -2.494064
vn 0.000000 0.000000 -2.494064
vn 0.000000 0.000000 -2.494064
vn 0.000000 0.000000 -2.489855
vn 0.000000 0.000000 -2.494064
vn 0.000000 0.000000 -2.494064
vn 0.000000 0.000000 -2.494064
vn 0.000000 0.000000 -2.494064
vn 0.000000 0.000000 -2.494064
vn 0.000000 0.000000 -2.494064
vn 0.000000 0.000000 -2.489855
usemtl Layer 3 Merged Material
f 1/1/1 2/2/2 3/3/3
f 4/4/4 1/1/1 5/5/5
f 6/6/6 7/7/7 4/4/4
f 8/8/8 9/9/9 10/10/10
f 11/11/11 12/12/12 13/13/13
f 14/14/14 15/15/15 11/11/11
f 16/16/16 17/17/17 15/15/15
f 14/14/14 18/18/18 15/15/15
f 19/19/19 20/20/20 21/21/21
f 9/9/9 22/22/22 19/19/19
f 8/8/8 23/23/23 9/9/9
f 24/24/24 25/25/25 7/7/7
f 26/26/26 25/25/25 27/27/27
f 28/28/28 26/26/26 29/29/29
f 30/30/30 28/28/28 29/29/29
f 31/31/31 32/32/32 3/3/3
f 33/33/33 34/34/34 35/35/35
f 36/36/36 37/37/37 38/38/38
f 39/39/39 40/40/40 36/36/36
f 41/41/41 42/42/42 43/43/43
f 44/44/44 42/42/42 45/45/45
f 45/45/45 42/42/42 46/46/46
f 47/47/47 48/48/48 41/41/41
f 49/49/49 48/48/48 50/50/50
f 51/51/51 49/49/49 52/52/52
f 53/53/53 51/51/51 52/52/52
f 33/33/33 54/54/54 34/34/34
f 55/55/55 56/56/56 57/57/57
f 58/58/58 59/59/59 55/55/55
f 32/32/32 60/60/60 58/58/58
f 31/31/31 61/61/61 32/32/32
f 62/62/62 63/63/63 31/31/31
f 64/64/64 65/65/65 66/66/66
f 67/67/67 68/68/68 69/69/69
f 70/70/70 71/71/71 72/72/72
f 73/73/73 74/74/74 75/75/75
f 76/76/76 77/77/77 78/78/78
f 79/79/79 80/80/80 81/81/81
f 82/82/82 80/80/80 83/83/83
f 84/84/84 85/85/85 83/83/83
f 86/86/86 87/87/87 84/84/84
f 88/88/88 87/87/87 89/89/89
f 90/90/90 88/88/88 89/89/89
f 91/91/91 92/92/92 89/89/89
f 93/93/93 92/92/92 94/94/94
f 95/95/95 96/96/96 93/93/93
f 97/97/97 98/98/98 99/99/99
f 100/100/100 97/97/97 99/99/99
f 95/95/95 101/101/101 96/96/96
f 102/102/102 103/103/103 95/95/95
f 102/102/102 104/104/104 103/103/103
f 105/105/105 106/106/106 107/107/107
f 108/108/108 105/105/105 109/109/109
f 110/110/110 108/108/108 111/111/111
f 112/112/112 110/110/110 113/113/113
f 114/114/114 112/112/112 115/115/115
f 116/116/116 114/114/114 117/117/117
f 118/118/118 116/116/116 119/119/119
f 120/120/120 118/118/118 121/121/121
f 122/122/122 123/123/123 121/121/121
f 124/124/124 125/125/125 122/122/122
f 126/126/126 127/127/127 128/128/128
f 129/129/129 130/130/130 128/128/128
f 131/131/131 132/132/132 129/129/129
f 125/125/125 133/133/133 131/131/131
f 134/134/134 135/135/135 125/125/125
f 136/136/136 135/135/135 137/137/137
f 138/138/138 136/136/136 139/139/139
f 140/140/140 138/138/138 141/141/141
f 142/142/142 143/143/143 141/141/141
f 144/144/144 145/145/145 143/143/143
f 146/146/146 147/147/147 143/143/143
f 148/148/148 147/147/147 149/149/149
f 150/150/150 148/148/148 151/151/151
f 152/152/152 150/150/150 153/153/153
f 154/154/154 152/152/152 155/155/155
f 156/156/156 157/157/157 155/155/155
f 158/158/158 159/159/159 156/156/156
f 160/160/160 161/161/161 158/158/158
f 162/162/162 163/163/163 160/160/160
f 164/164/164 165/165/165 162/162/162
f 166/166/166 167/167/167 168/168/168
f 169/169/169 170/170/170 171/171/171
f 172/172/172 173/173/173 174/174/174
f 175/175/175 176/176/176 177/177/177
f 178/178/178 179/179/179 180/180/180
f 181/181/181 182/182/182 183/183/183
f 184/184/184 185/185/185 183/183/183
f 179/179/179 186/186/186 184/184/184
f 178/178/178 187/187/187 179/179/179
f 175/175/175 188/188/188 176/176/176
f 189/189/189 190/190/190 188/188/188
f 191/191/191 192/192/192 193/193/193
f 194/194/194 195/195/195 193/193/193
f 196/196/196 195/195/195 197/197/197
f 198/198/198 199/199/199 196/196/196
f 200/200/200 201/201/201 202/202/202
f 203/203/203 200/200/200 204/204/204
f 205/205/205 206/206/206 203/203/203
f 207/207/207 208/208/208 206/206/206
f 205/205/205 209/209/209 206/206/206
f 198/198/198 210/210/210 199/199/199
f 189/189/189 211/211/211 190/190/190
f 212/212/212 213/213/213 172/172/172
f 214/214/214 215/215/215 216/216/216
f 217/217/217 218/218/218 215/215/215
f 219/219/219 220/220/220 218/218/218
f 217/217/217 221/221/221 218/218/218
f 222/222/222 223/223/223 217/217/217
f 224/224/224 225/225/225 223/223/223
f 226/226/226 227/227/227 228/228/228
f 229/229/229 226/226/226 230/230/230
f 231/231/231 229/229/229 232/232/232
f 233/233/233 234/234/234 231/231/231
f 235/235/235 236/236/236 237/237/237
f 238/238/238 235/235/235 239/239/239
f 240/240/240 238/238/238 241/241/241
f 242/242/242 243/243/243 240/240/240
f 244/244/244 245/245/245 246/246/246
f 247/247/247 248/248/248 244/244/244
f 249/249/249 250/250/250 248/248/248
f 247/247/247 251/251/251 248/248/248
f 252/252/252 253/253/253 243/243/243
f 254/254/254 255/255/255 256/256/256
f 257/257/257 258/258/258 259/259/259
f 260/260/260 261/261/261 262/262/262
f 258/258/258 263/263/263 262/262/262
f 257/257/257 264/264/264 258/258/258
f 254/254/254 265/265/265 255/255/255
f 252/252/252 266/266/266 253/253/253
f 233/233/233 267/267/267 234/234/234
f 268/268/268 269/269/269 228/228/228
f 270/270/270 271/271/271 272/272/272
f 273/273/273 274/274/274 275/275/275
f 276/276/276 277/277/277 278/278/278
f 279/279/279 280/280/280 276/276/276
f 281/281/281 282/282/282 280/280/280
f 279/279/279 283/283/283 280/280/280
f 273/273/273 284/284/284 274/274/274
f 285/285/285 286/286/286 287/287/287
f 271/271/271 288/288/288 285/285/285
f 270/270/270 289/289/289 271/271/271
f 268/268/268 290/290/290 269/269/269
f 216/216/216 291/291/291 214/214/214
f 213/213/213 292/292/292 293/293/293
f 294/294/294 292/292/292 174/174/174
f 169/169/169 171/171/171 294/294/294
f 166/166/166 168/168/168 295/295/295
f 155/155/155 153/153/153 296/296/296
f 73/73/73 297/297/297 74/74/74
f 70/70/70 298/298/298 71/71/71
f 67/67/67 299/299/299 68/68/68
f 64/64/64 300/300/300 65/65/65
f 301/301/301 302/302/302 64/64/64
f 302/302/302 301/301/301 303/303/303
f 303/303/303 301/301/301 304/304/304
f 305/305/305 306/306/306 307/307/307
f 308/308/308 309/309/309 307/307/307
f 310/310/310 311/311/311 308/308/308
f 312/312/312 313/313/313 310/310/310
f 304/304/304 2/2/2 312/312/312
f 2/2/2 304/304/304 3/3/3
f 314/314/314 3/3/3 304/304/304
f 3/3/3 5/5/5 1/1/1
f 5/5/5 6/6/6 4/4/4
f 10/10/10 4/4/4 7/7/7
f 7/7/7 8/8/8 10/10/10
f 9/9/9 19/19/19 10/10/10
f 19/19/19 21/21/21 10/10/10
f 12/12/12 10/10/10 21/21/21
f 21/21/21 13/13/13 12/12/12
f 13/13/13 14/14/14 11/11/11
f 17/17/17 11/11/11 15/15/15
f 16/16/16 15/15/15 18/18/18
f 21/21/21 20/20/20 13/13/13
f 13/13/13 20/20/20 14/14/14
f 18/18/18 14/14/14 20/20/20
f 20/20/20 19/19/19 22/22/22
f 22/22/22 9/9/9 23/23/23
f 6/6/6 24/24/24 7/7/7
f 7/7/7 25/25/25 8/8/8
f 23/23/23 8/8/8 25/25/25
f 24/24/24 27/27/27 25/25/25
f 27/27/27 29/29/29 26/26/26
f 3/3/3 314/314/314 31/31/31
f 32/32/32 58/58/58 3/3/3
f 315/315/315 31/31/31 314/314/314
f 58/58/58 55/55/55 3/3/3
f 55/55/55 57/57/57 3/3/3
f 57/57/57 35/35/35 3/3/3
f 3/3/3 35/35/35 5/5/5
f 5/5/5 35/35/35 6/6/6
f 6/6/6 35/35/35 24/24/24
f 24/24/24 35/35/35 27/27/27
f 27/27/27 35/35/35 29/29/29
f 30/30/30 29/29/29 35/35/35
f 57/57/57 33/33/33 35/35/35
f 37/37/37 35/35/35 34/34/34
f 34/34/34 38/38/38 37/37/37
f 38/38/38 39/39/39 36/36/36
f 43/43/43 36/36/36 40/40/40
f 40/40/40 41/41/41 43/43/43
f 44/44/44 43/43/43 42/42/42
f 41/41/41 46/46/46 42/42/42
f 41/41/41 40/40/40 47/47/47
f 46/46/46 41/41/41 48/48/48
f 39/39/39 47/47/47 40/40/40
f 47/47/47 50/50/50 48/48/48
f 50/50/50 52/52/52 49/49/49
f 34/34/34 54/54/54 38/38/38
f 38/38/38 54/54/54 39/39/39
f 39/39/39 54/54/54 47/47/47
f 47/47/47 54/54/54 50/50/50
f 50/50/50 54/54/54 52/52/52
f 53/53/53 52/52/52 54/54/54
f 57/57/57 56/56/56 33/33/33
f 54/54/54 33/33/33 56/56/56
f 56/56/56 55/55/55 59/59/59
f 59/59/59 58/58/58 60/60/60
f 60/60/60 32/32/32 61/61/61
f 315/315/315 62/62/62 31/31/31
f 63/63/63 66/66/66 31/31/31
f 61/61/61 31/31/31 66/66/66
f 63/63/63 64/64/64 66/66/66
f 69/69/69 66/66/66 65/65/65
f 65/65/65 67/67/67 69/69/69
f 72/72/72 69/69/69 68/68/68
f 68/68/68 70/70/70 72/72/72
f 75/75/75 72/72/72 71/71/71
f 71/71/71 73/73/73 75/75/75
f 77/77/77 75/75/75 74/74/74
f 74/74/74 78/78/78 77/77/77
f 80/80/80 76/76/76 81/81/81
f 78/78/78 81/81/81 76/76/76
f 79/79/79 83/83/83 80/80/80
f 82/82/82 83/83/83 85/85/85
f 85/85/85 84/84/84 87/87/87
f 87/87/87 86/86/86 89/89/89
f 316/316/316 89/89/89 86/86/86
f 316/316/316 91/91/91 89/89/89
f 90/90/90 89/89/89 92/92/92
f 92/92/92 91/91/91 94/94/94
f 317/317/317 94/94/94 91/91/91
f 94/94/94 95/95/95 93/93/93
f 98/98/98 93/93/93 96/96/96
f 96/96/96 99/99/99 98/98/98
f 96/96/96 101/101/101 99/99/99
f 100/100/100 99/99/99 101/101/101
f 95/95/95 94/94/94 102/102/102
f 101/101/101 95/95/95 103/103/103
f 317/317/317 102/102/102 94/94/94
f 106/106/106 103/103/103 104/104/104
f 104/104/104 107/107/107 106/106/106
f 107/107/107 109/109/109 105/105/105
f 109/109/109 111/111/111 108/108/108
f 111/111/111 113/113/113 110/110/110
f 113/113/113 115/115/115 112/112/112
f 115/115/115 117/117/117 114/114/114
f 117/117/117 119/119/119 116/116/116
f 119/119/119 121/121/121 118/118/118
f 120/120/120 121/121/121 123/123/123
f 122/122/122 125/125/125 123/123/123
f 125/125/125 131/131/131 123/123/123
f 131/131/131 129/129/129 123/123/123
f 129/129/129 128/128/128 123/123/123
f 127/127/127 123/123/123 128/128/128
f 126/126/126 128/128/128 130/130/130
f 130/130/130 129/129/129 132/132/132
f 132/132/132 131/131/131 133/133/133
f 124/124/124 134/134/134 125/125/125
f 133/133/133 125/125/125 135/135/135
f 134/134/134 137/137/137 135/135/135
f 137/137/137 139/139/139 136/136/136
f 139/139/139 141/141/141 138/138/138
f 141/141/141 143/143/143 140/140/140
f 145/145/145 140/140/140 143/143/143
f 142/142/142 146/146/146 143/143/143
f 144/144/144 143/143/143 147/147/147
f 146/146/146 149/149/149 147/147/147
f 149/149/149 151/151/151 148/148/148
f 151/151/151 153/153/153 150/150/150
f 153/153/153 155/155/155 152/152/152
f 154/154/154 155/155/155 157/157/157
f 157/157/157 156/156/156 159/159/159
f 159/159/159 158/158/158 161/161/161
f 161/161/161 160/160/160 163/163/163
f 163/163/163 162/162/162 165/165/165
f 168/168/168 167/167/167 164/164/164
f 165/165/165 164/164/164 167/167/167
f 171/171/171 170/170/170 166/166/166
f 167/167/167 166/166/166 170/170/170
f 212/212/212 172/172/172 174/174/174
f 174/174/174 173/173/173 170/170/170
f 169/169/169 174/174/174 170/170/170
f 177/177/177 170/170/170 173/173/173
f 173/173/173 175/175/175 177/177/177
f 180/180/180 177/177/177 176/176/176
f 176/176/176 178/178/178 180/180/180
f 179/179/179 184/184/184 180/180/180
f 184/184/184 183/183/183 180/180/180
f 182/182/182 180/180/180 183/183/183
f 181/181/181 183/183/183 185/185/185
f 185/185/185 184/184/184 186/186/186
f 186/186/186 179/179/179 187/187/187
f 176/176/176 188/188/188 178/178/178
f 187/187/187 178/178/178 188/188/188
f 188/188/188 175/175/175 189/189/189
f 190/190/190 194/194/194 188/188/188
f 175/175/175 173/173/173 189/189/189
f 172/172/172 189/189/189 173/173/173
f 194/194/194 193/193/193 188/188/188
f 192/192/192 188/188/188 193/193/193
f 191/191/191 193/193/193 195/195/195
f 195/195/195 194/194/194 197/197/197
f 190/190/190 197/197/197 194/194/194
f 197/197/197 198/198/198 196/196/196
f 201/201/201 196/196/196 199/199/199
f 199/199/199 202/202/202 201/201/201
f 202/202/202 204/204/204 200/200/200
f 204/204/204 205/205/205 203/203/203
f 208/208/208 203/203/203 206/206/206
f 207/207/207 206/206/206 209/209/209
f 199/199/199 210/210/210 202/202/202
f 202/202/202 210/210/210 204/204/204
f 204/204/204 210/210/210 205/205/205
f 209/209/209 205/205/205 210/210/210
f 190/190/190 211/211/211 197/197/197
f 197/197/197 211/211/211 198/198/198
f 210/210/210 198/198/198 211/211/211
f 172/172/172 213/213/213 318/318/318
f 172/172/172 318/318/318 189/189/189
f 293/293/293 318/318/318 213/213/213
f 211/211/211 189/189/189 318/318/318
f 215/215/215 318/318/318 216/216/216
f 293/293/293 216/216/216 318/318/318
f 215/215/215 214/214/214 217/217/217
f 220/220/220 215/215/215 218/218/218
f 319/319/319 217/217/217 214/214/214
f 219/219/219 218/218/218 221/221/221
f 319/319/319 222/222/222 217/217/217
f 221/221/221 217/217/217 223/223/223
f 222/222/222 224/224/224 223/223/223
f 227/227/227 223/223/223 225/225/225
f 225/225/225 228/228/228 227/227/227
f 228/228/228 230/230/230 226/226/226
f 230/230/230 232/232/232 229/229/229
f 232/232/232 233/233/233 231/231/231
f 236/236/236 231/231/231 234/234/234
f 234/234/234 237/237/237 236/236/236
f 237/237/237 239/239/239 235/235/235
f 239/239/239 241/241/241 238/238/238
f 241/241/241 242/242/242 240/240/240
f 245/245/245 240/240/240 243/243/243
f 243/243/243 246/246/246 245/245/245
f 246/246/246 247/247/247 244/244/244
f 250/250/250 244/244/244 248/248/248
f 249/249/249 248/248/248 251/251/251
f 242/242/242 252/252/252 243/243/243
f 253/253/253 256/256/256 243/243/243
f 243/243/243 256/256/256 246/246/246
f 246/246/246 256/256/256 247/247/247
f 251/251/251 247/247/247 256/256/256
f 253/253/253 254/254/254 256/256/256
f 259/259/259 256/256/256 255/255/255
f 255/255/255 257/257/257 259/259/259
f 258/258/258 262/262/262 259/259/259
f 261/261/261 259/259/259 262/262/262
f 260/260/260 262/262/262 263/263/263
f 263/263/263 258/258/258 264/264/264
f 255/255/255 265/265/265 257/257/257
f 264/264/264 257/257/257 265/265/265
f 253/253/253 266/266/266 254/254/254
f 265/265/265 254/254/254 266/266/266
f 234/234/234 267/267/267 237/237/237
f 237/237/237 267/267/267 239/239/239
f 239/239/239 267/267/267 241/241/241
f 241/241/241 267/267/267 242/242/242
f 242/242/242 267/267/267 252/252/252
f 266/266/266 252/252/252 267/267/267
f 228/228/228 225/225/225 268/268/268
f 269/269/269 272/272/272 228/228/228
f 224/224/224 268/268/268 225/225/225
f 228/228/228 272/272/272 230/230/230
f 230/230/230 272/272/272 232/232/232
f 272/272/272 267/267/267 232/232/232
f 233/233/233 232/232/232 267/267/267
f 269/269/269 270/270/270 272/272/272
f 271/271/271 285/285/285 272/272/272
f 285/285/285 287/287/287 272/272/272
f 275/275/275 272/272/272 287/287/287
f 287/287/287 273/273/273 275/275/275
f 277/277/277 275/275/275 274/274/274
f 274/274/274 278/278/278 277/277/277
f 278/278/278 279/279/279 276/276/276
f 282/282/282 276/276/276 280/280/280
f 281/281/281 280/280/280 283/283/283
f 274/274/274 284/284/284 278/278/278
f 278/278/278 284/284/284 279/279/279
f 283/283/283 279/279/279 284/284/284
f 287/287/287 286/286/286 273/273/273
f 284/284/284 273/273/273 286/286/286
f 286/286/286 285/285/285 288/288/288
f 288/288/288 271/271/271 289/289/289
f 269/269/269 290/290/290 270/270/270
f 289/289/289 270/270/270 290/290/290
f 214/214/214 291/291/291 319/319/319
f 319/319/319 291/291/291 222/222/222
f 222/222/222 291/291/291 224/224/224
f 224/224/224 291/291/291 268/268/268
f 290/290/290 268/268/268 291/291/291
f 292/292/292 291/291/291 293/293/293
f 216/216/216 293/293/293 291/291/291
f 174/174/174 292/292/292 212/212/212
f 213/213/213 212/212/212 292/292/292
f 174/174/174 169/169/169 294/294/294
f 295/295/295 294/294/294 171/171/171
f 171/171/171 166/166/166 295/295/295
f 296/296/296 295/295/295 168/168/168
f 155/155/155 296/296/296 156/156/156
f 296/296/296 153/153/153 320/320/320
f 156/156/156 296/296/296 158/158/158
f 158/158/158 296/296/296 160/160/160
f 160/160/160 296/296/296 162/162/162
f 162/162/162 296/296/296 164/164/164
f 168/168/168 164/164/164 296/296/296
f 153/153/153 151/151/151 320/320/320
f 151/151/151 149/149/149 320/320/320
f 149/149/149 146/146/146 320/320/320
f 146/146/146 142/142/142 320/320/320
f 142/142/142 141/141/141 320/320/320
f 141/141/141 139/139/139 320/320/320
f 139/139/139 137/137/137 320/320/320
f 137/137/137 134/134/134 320/320/320
f 134/134/134 124/124/124 320/320/320
f 124/124/124 122/122/122 320/320/320
f 122/122/122 121/121/121 320/320/320
f 121/121/121 119/119/119 320/320/320
f 119/119/119 117/117/117 320/320/320
f 117/117/117 115/115/115 320/320/320
f 115/115/115 113/113/113 320/320/320
f 113/113/113 111/111/111 320/320/320
f 111/111/111 109/109/109 320/320/320
f 109/109/109 107/107/107 320/320/320
f 107/107/107 104/104/104 320/320/320
f 104/104/104 102/102/102 320/320/320
f 102/102/102 317/317/317 320/320/320
f 317/317/317 91/91/91 320/320/320
f 91/91/91 316/316/316 320/320/320
f 316/316/316 86/86/86 320/320/320
f 86/86/86 84/84/84 320/320/320
f 84/84/84 83/83/83 320/320/320
f 83/83/83 79/79/79 320/320/320
f 81/81/81 320/320/320 79/79/79
f 74/74/74 297/297/297 78/78/78
f 297/297/297 320/320/320 78/78/78
f 81/81/81 78/78/78 320/320/320
f 71/71/71 298/298/298 73/73/73
f 297/297/297 73/73/73 298/298/298
f 68/68/68 299/299/299 70/70/70
f 298/298/298 70/70/70 299/299/299
f 65/65/65 300/300/300 67/67/67
f 299/299/299 67/67/67 300/300/300
f 64/64/64 63/63/63 301/301/301
f 300/300/300 64/64/64 302/302/302
f 62/62/62 301/301/301 63/63/63
f 304/304/304 312/312/312 303/303/303
f 304/304/304 301/301/301 314/314/314
f 312/312/312 310/310/310 303/303/303
f 310/310/310 308/308/308 303/303/303
f 308/308/308 307/307/307 303/303/303
f 306/306/306 303/303/303 307/307/307
f 314/314/314 301/301/301 315/315/315
f 62/62/62 315/315/315 301/301/301
f 305/305/305 307/307/307 309/309/309
f 309/309/309 308/308/308 311/311/311
f 311/311/311 310/310/310 313/313/313
f 313/313/313 312/312/312 2/2/2
f 304/304/304 304/304/304 304/304/304
f 321/321/321 322/322/322 323/323/323
f 321/321/321 323/323/323 324/324/324
f 324/324/324 323/323/323 325/325/325
f 324/324/324 325/325/325 326/326/326
f 326/326/326 325/325/325 327/327/327
f 326/326/326 327/327/327 328/328/328
f 328/328/328 327/327/327 329/329/329
f 328/328/328 329/329/329 330/330/330
f 330/330/330 329/329/329 331/331/331
f 330/330/330 331/331/331 332/332/332
f 332/332/332 331/331/331 333/333/333
f 332/332/332 333/333/333 334/334/334
f 334/334/334 333/333/333 335/335/335
f 334/334/334 335/335/335 336/336/336
f 336/336/336 335/335/335 337/337/337
f 336/336/336 337/337/337 338/338/338
f 338/338/338 337/337/337 339/339/339
f 338/338/338 339/339/339 340/340/340
f 340/340/340 339/339/339 341/341/341
f 340/340/340 341/341/341 342/342/342
f 342/342/342 341/341/341 343/343/343
f 342/342/342 343/343/343 344/344/344
f 344/344/344 343/343/343 345/345/345
f 344/344/344 345/345/345 346/346/346
f 346/346/346 345/345/345 347/347/347
f 346/346/346 347/347/347 348/348/348
f 348/348/348 347/347/347 349/349/349
f 348/348/348 349/349/349 350/350/350
f 350/350/350 349/349/349 351/351/351
f 350/350/350 351/351/351 352/352/352
f 352/352/352 351/351/351 353/353/353
f 352/352/352 353/353/353 354/354/354
f 354/354/354 353/353/353 355/355/355
f 354/354/354 355/355/355 356/356/356
f 356/356/356 355/355/355 357/357/357
f 356/356/356 357/357/357 358/358/358
f 358/358/358 357/357/357 359/359/359
f 358/358/358 359/359/359 360/360/360
f 360/360/360 359/359/359 361/361/361
f 360/360/360 361/361/361 362/362/362
f 362/362/362 361/361/361 363/363/363
f 362/362/362 363/363/363 364/364/364
f 364/364/364 363/363/363 365/365/365
f 364/364/364 365/365/365 366/366/366
f 366/366/366 365/365/365 367/367/367
f 366/366/366 367/367/367 368/368/368
f 368/368/368 367/367/367 369/369/369
f 368/368/368 369/369/369 370/370/370
f 370/370/370 369/369/369 371/371/371
f 370/370/370 371/371/371 372/372/372
f 372/372/372 371/371/371 373/373/373
f 372/372/372 373/373/373 374/374/374
f 375/375/375 376/376/376 377/377/377
f 375/375/375 377/377/377 378/378/378
f 378/378/378 377/377/377 379/379/379
f 378/378/378 379/379/379 380/380/380
f 380/380/380 379/379/379 381/381/381
f 380/380/380 381/381/381 382/382/382
f 382/382/382 381/381/381 383/383/383
f 382/382/382 383/383/383 384/384/384
f 384/384/384 383/383/383 385/385/385
f 384/384/384 385/385/385 386/386/386
f 387/387/387 388/388/388 389/389/389
f 387/387/387 389/389/389 390/390/390
f 390/390/390 389/389/389 391/391/391
f 390/390/390 391/391/391 392/392/392
f 392/392/392 391/391/391 393/393/393
f 392/392/392 393/393/393 394/394/394
f 394/394/394 393/393/393 395/395/395
f 394/394/394 395/395/395 396/396/396
f 396/396/396 395/395/395 397/397/397
f 396/396/396 397/397/397 398/398/398
f 398/398/398 397/397/397 399/399/399
f 398/398/398 399/399/399 400/400/400
f 400/400/400 399/399/399 401/401/401
f 400/400/400 401/401/401 402/402/402
f 402/402/402 401/401/401 403/403/403
f 402/402/402 403/403/403 404/404/404
f 404/404/404 403/403/403 405/405/405
f 404/404/404 405/405/405 406/406/406
f 406/406/406 405/405/405 407/407/407
f 406/406/406 407/407/407 408/408/408
f 408/408/408 407/407/407 409/409/409
f 408/408/408 409/409/409 410/410/410
f 410/410/410 409/409/409 411/411/411
f 410/410/410 411/411/411 412/412/412
f 413/413/413 414/414/414 415/415/415
f 413/413/413 415/415/415 416/416/416
f 416/416/416 415/415/415 417/417/417
f 416/416/416 417/417/417 418/418/418
f 418/418/418 417/417/417 419/419/419
f 418/418/418 419/419/419 420/420/420
f 420/420/420 419/419/419 421/421/421
f 420/420/420 421/421/421 422/422/422
f 422/422/422 421/421/421 423/423/423
f 422/422/422 423/423/423 424/424/424
f 424/424/424 423/423/423 425/425/425
f 424/424/424 425/425/425 426/426/426
f 426/426/426 425/425/425 427/427/427
f 426/426/426 427/427/427 428/428/428
f 428/428/428 427/427/427 429/429/429
f 428/428/428 429/429/429 430/430/430
f 430/430/430 429/429/429 431/431/431
f 430/430/430 431/431/431 432/432/432
f 432/432/432 431/431/431 433/433/433
f 432/432/432 433/433/433 434/434/434
f 434/434/434 433/433/433 435/435/435
f 434/434/434 435/435/435 436/436/436
f 436/436/436 435/435/435 437/437/437
f 436/436/436 437/437/437 438/438/438
f 438/438/438 437/437/437 439/439/439
f 438/438/438 439/439/439 440/440/440
f 440/440/440 439/439/439 441/441/441
f 440/440/440 441/441/441 442/442/442
f 442/442/442 441/441/441 443/443/443
f 442/442/442 443/443/443 444/444/444
f 444/444/444 443/443/443 445/445/445
f 444/444/444 445/445/445 446/446/446
f 446/446/446 445/445/445 447/447/447
f 446/446/446 447/447/447 448/448/448
f 448/448/448 447/447/447 449/449/449
f 448/448/448 449/449/449 450/450/450
f 450/450/450 449/449/449 451/451/451
f 450/450/450 451/451/451 452/452/452
f 452/452/452 451/451/451 453/453/453
f 452/452/452 453/453/453 454/454/454
f 454/454/454 453/453/453 455/455/455
f 454/454/454 455/455/455 456/456/456
f 456/456/456 455/455/455 457/457/457
f 456/456/456 457/457/457 458/458/458
f 459/459/459 460/460/460 461/461/461
f 459/459/459 461/461/461 462/462/462
f 462/462/462 461/461/461 463/463/463
f 462/462/462 463/463/463 464/464/464
f 464/464/464 463/463/463 465/465/465
f 464/464/464 465/465/465 466/466/466
f 466/466/466 465/465/465 467/467/467
f 466/466/466 467/467/467 468/468/468
f 468/468/468 467/467/467 469/469/469
f 468/468/468 469/469/469 470/470/470
f 470/470/470 469/469/469 471/471/471
f 470/470/470 471/471/471 472/472/472
f 472/472/472 471/471/471 473/473/473
f 472/472/472 473/473/473 474/474/474
f 474/474/474 473/473/473 475/475/475
f 474/474/474 475/475/475 476/476/476
f 476/476/476 475/475/475 477/477/477
f 476/476/476 477/477/477 478/478/478
f 478/478/478 477/477/477 479/479/479
f 478/478/478 479/479/479 480/480/480
f 480/480/480 479/479/479 481/481/481
f 480/480/480 481/481/481 482/482/482
f 482/482/482 481/481/481 483/483/483
f 482/482/482 483/483/483 484/484/484
f 484/484/484 483/483/483 485/485/485
f 484/484/484 485/485/485 486/486/486
f 486/486/486 485/485/485 487/487/487
f 486/486/486 487/487/487 488/488/488
f 488/488/488 487/487/487 489/489/489
f 488/488/488 489/489/489 490/490/490
f 490/490/490 489/489/489 491/491/491
f 490/490/490 491/491/491 492/492/492
f 492/492/492 491/491/491 493/493/493
f 492/492/492 493/493/493 494/494/494
f 494/494/494 493/493/493 495/495/495
f 494/494/494 495/495/495 496/496/496
f 496/496/496 495/495/495 497/497/497
f 496/496/496 497/497/497 498/498/498
f 498/498/498 497/497/497 499/499/499
f 498/498/498 499/499/499 500/500/500
f 500/500/500 499/499/499 501/501/501
f 500/500/500 501/501/501 502/502/502
f 502/502/502 501/501/501 503/503/503
f 502/502/502 503/503/503 504/504/504
f 504/504/504 503/503/503 505/505/505
f 504/504/504 505/505/505 506/506/506
f 506/506/506 505/505/505 507/507/507
f 506/506/506 507/507/507 508/508/508
f 508/508/508 507/507/507 509/509/509
f 508/508/508 509/509/509 510/510/510
f 510/510/510 509/509/509 511/511/511
f 510/510/510 511/511/511 512/512/512
f 512/512/512 511/511/511 513/513/513
f 512/512/512 513/513/513 514/514/514
f 514/514/514 513/513/513 515/515/515
f 514/514/514 515/515/515 516/516/516
f 516/516/516 515/515/515 517/517/517
f 516/516/516 517/517/517 518/518/518
f 518/518/518 517/517/517 519/519/519
f 518/518/518 519/519/519 520/520/520
f 520/520/520 519/519/519 521/521/521
f 520/520/520 521/521/521 522/522/522
f 522/522/522 521/521/521 523/523/523
f 522/522/522 523/523/523 524/524/524
f 524/524/524 523/523/523 525/525/525
f 524/524/524 525/525/525 526/526/526
f 526/526/526 525/525/525 527/527/527
f 526/526/526 527/527/527 528/528/528
f 528/528/528 527/527/527 529/529/529
f 528/528/528 529/529/529 530/530/530
f 530/530/530 529/529/529 531/531/531
f 530/530/530 531/531/531 532/532/532
f 532/532/532 531/531/531 533/533/533
f 532/532/532 533/533/533 534/534/534
f 534/534/534 533/533/533 535/535/535
f 534/534/534 535/535/535 536/536/536
f 536/536/536 535/535/535 537/537/537
f 536/536/536 537/537/537 538/538/538
f 538/538/538 537/537/537 539/539/539
f 538/538/538 539/539/539 540/540/540
f 540/540/540 539/539/539 541/541/541
f 540/540/540 541/541/541 542/542/542
f 542/542/542 541/541/541 543/543/543
f 542/542/542 543/543/543 544/544/544
f 544/544/544 543/543/543 545/545/545
f 544/544/544 545/545/545 546/546/546
f 546/546/546 545/545/545 547/547/547
f 546/546/546 547/547/547 548/548/548
f 548/548/548 547/547/547 549/549/549
f 548/548/548 549/549/549 550/550/550
f 550/550/550 549/549/549 551/551/551
f 550/550/550 551/551/551 552/552/552
f 552/552/552 551/551/551 553/553/553
f 552/552/552 553/553/553 554/554/554
f 555/555/555 556/556/556 557/557/557
f 555/555/555 557/557/557 558/558/558
f 558/558/558 557/557/557 559/559/559
f 558/558/558 559/559/559 560/560/560
f 560/560/560 559/559/559 561/561/561
f 560/560/560 561/561/561 562/562/562
f 562/562/562 561/561/561 563/563/563
f 562/562/562 563/563/563 564/564/564
f 564/564/564 563/563/563 565/565/565
f 564/564/564 565/565/565 566/566/566
f 566/566/566 565/565/565 567/567/567
f 566/566/566 567/567/567 568/568/568
f 568/568/568 567/567/567 569/569/569
f 568/568/568 569/569/569 570/570/570
f 570/570/570 569/569/569 571/571/571
f 570/570/570 571/571/571 572/572/572
f 572/572/572 571/571/571 573/573/573
f 572/572/572 573/573/573 574/574/574
f 574/574/574 573/573/573 575/575/575
f 574/574/574 575/575/575 576/576/576
f 576/576/576 575/575/575 577/577/577
f 576/576/576 577/577/577 578/578/578
f 578/578/578 577/577/577 579/579/579
f 578/578/578 579/579/579 580/580/580
f 580/580/580 579/579/579 581/581/581
f 580/580/580 581/581/581 582/582/582
f 582/582/582 581/581/581 583/583/583
f 582/582/582 583/583/583 584/584/584
f 584/584/584 583/583/583 585/585/585
f 584/584/584 585/585/585 586/586/586
f 586/586/586 585/585/585 587/587/587
f 586/586/586 587/587/587 588/588/588
f 589/589/589 590/590/590 591/591/591
f 589/589/589 591/591/591 592/592/592
f 592/592/592 591/591/591 593/593/593
f 592/592/592 593/593/593 594/594/594
f 594/594/594 593/593/593 595/595/595
f 594/594/594 595/595/595 596/596/596
f 597/597/597 598/598/598 599/599/599
f 597/597/597 599/599/599 600/600/600
f 600/600/600 599/599/599 601/601/601
f 600/600/600 601/601/601 602/602/602
f 602/602/602 601/601/601 603/603/603
f 602/602/602 603/603/603 604/604/604
f 604/604/604 603/603/603 605/605/605
f 604/604/604 605/605/605 606/606/606
f 606/606/606 605/605/605 607/607/607
f 606/606/606 607/607/607 608/608/608
f 608/608/608 607/607/607 609/609/609
f 608/608/608 609/609/609 610/610/610
f 610/610/610 609/609/609 611/611/611
f 610/610/610 611/611/611 612/612/612
f 612/612/612 611/611/611 613/613/613
f 612/612/612 613/613/613 614/614/614
f 614/614/614 613/613/613 615/615/615
f 614/614/614 615/615/615 616/616/616
f 616/616/616 615/615/615 617/617/617
f 616/616/616 617/617/617 618/618/618
f 618/618/618 617/617/617 619/619/619
f 618/618/618 619/619/619 620/620/620
f 620/620/620 619/619/619 621/621/621
f 620/620/620 621/621/621 622/622/622
f 623/623/623 624/624/624 625/625/625
f 623/623/623 625/625/625 626/626/626
f 626/626/626 625/625/625 627/627/627
f 626/626/626 627/627/627 628/628/628
f 628/628/628 627/627/627 629/629/629
f 628/628/628 629/629/629 630/630/630
f 630/630/630 629/629/629 631/631/631
f 630/630/630 631/631/631 632/632/632
f 632/632/632 631/631/631 633/633/633
f 632/632/632 633/633/633 634/634/634
f 634/634/634 633/633/633 635/635/635
f 634/634/634 635/635/635 636/636/636
f 636/636/636 635/635/635 637/637/637
f 636/636/636 637/637/637 638/638/638
f 638/638/638 637/637/637 639/639/639
f 638/638/638 639/639/639 640/640/640
f 640/640/640 639/639/639 641/641/641
f 640/640/640 641/641/641 642/642/642
f 642/642/642 641/641/641 643/643/643
f 642/642/642 643/643/643 644/644/644
f 644/644/644 643/643/643 645/645/645
f 644/644/644 645/645/645 646/646/646
f 646/646/646 645/645/645 647/647/647
f 646/646/646 647/647/647 648/648/648
f 648/648/648 647/647/647 649/649/649
f 648/648/648 649/649/649 650/650/650
f 650/650/650 649/649/649 651/651/651
f 650/650/650 651/651/651 652/652/652
f 652/652/652 651/651/651 653/653/653
f 652/652/652 653/653/653 654/654/654
f 654/654/654 653/653/653 655/655/655
f 654/654/654 655/655/655 656/656/656
f 656/656/656 655/655/655 657/657/657
f 656/656/656 657/657/657 658/658/658
f 659/659/659 660/660/660 661/661/661
f 659/659/659 661/661/661 662/662/662
f 663/663/663 664/664/664 665/665/665
f 663/663/663 665/665/665 666/666/666
f 304/304/304 304/304/304 304/304/304
f 667/667/667 668/668/668 669/669/669
f 668/668/668 670/670/670 671/671/671
f 672/672/672 673/673/673 670/670/670
f 674/674/674 675/675/675 676/676/676
f 677/677/677 678/678/678 679/679/679
f 680/680/680 681/681/681 678/678/678
f 682/682/682 683/683/683 680/680/680
f 684/684/684 681/681/681 680/680/680
f 685/685/685 686/686/686 687/687/687
f 688/688/688 674/674/674 686/686/686
f 689/689/689 675/675/675 674/674/674
f 690/690/690 691/691/691 672/672/672
f 690/690/690 692/692/692 693/693/693
f 692/692/692 694/694/694 695/695/695
f 694/694/694 696/696/696 695/695/695
f 697/697/697 698/698/698 669/669/669
f 699/699/699 700/700/700 701/701/701
f 702/702/702 703/703/703 704/704/704
f 705/705/705 706/706/706 703/703/703
f 707/707/707 708/708/708 709/709/709
f 707/707/707 710/710/710 711/711/711
f 707/707/707 711/711/711 712/712/712
f 713/713/713 714/714/714 708/708/708
f 713/713/713 715/715/715 716/716/716
f 715/715/715 717/717/717 718/718/718
f 717/717/717 719/719/719 718/718/718
f 720/720/720 700/700/700 699/699/699
f 721/721/721 722/722/722 723/723/723
f 724/724/724 725/725/725 722/722/722
f 726/726/726 697/697/697 725/725/725
f 727/727/727 698/698/698 697/697/697
f 728/728/728 729/729/729 698/698/698
f 730/730/730 731/731/731 732/732/732
f 733/733/733 734/734/734 735/735/735
f 736/736/736 737/737/737 738/738/738
f 739/739/739 740/740/740 741/741/741
f 742/742/742 743/743/743 744/744/744
f 745/745/745 746/746/746 747/747/747
f 745/745/745 748/748/748 749/749/749
f 750/750/750 751/751/751 749/749/749
f 752/752/752 753/753/753 751/751/751
f 752/752/752 754/754/754 755/755/755
f 754/754/754 756/756/756 755/755/755
f 757/757/757 758/758/758 755/755/755
f 757/757/757 759/759/759 760/760/760
f 761/761/761 762/762/762 759/759/759
f 763/763/763 764/764/764 765/765/765
f 764/764/764 766/766/766 765/765/765
f 767/767/767 762/762/762 761/761/761
f 768/768/768 769/769/769 762/762/762
f 770/770/770 769/769/769 768/768/768
f 771/771/771 772/772/772 773/773/773
f 772/772/772 774/774/774 775/775/775
f 774/774/774 776/776/776 777/777/777
f 776/776/776 778/778/778 779/779/779
f 778/778/778 780/780/780 781/781/781
f 780/780/780 782/782/782 783/783/783
f 782/782/782 784/784/784 785/785/785
f 784/784/784 786/786/786 787/787/787
f 788/788/788 789/789/789 787/787/787
f 790/790/790 791/791/791 789/789/789
f 792/792/792 793/793/793 794/794/794
f 795/795/795 796/796/796 794/794/794
f 797/797/797 798/798/798 796/796/796
f 799/799/799 790/790/790 798/798/798
f 800/800/800 801/801/801 790/790/790
f 800/800/800 802/802/802 803/803/803
f 802/802/802 804/804/804 805/805/805
f 804/804/804 806/806/806 807/807/807
f 808/808/808 809/809/809 807/807/807
f 810/810/810 811/811/811 808/808/808
f 812/812/812 813/813/813 808/808/808
f 812/812/812 814/814/814 815/815/815
f 814/814/814 816/816/816 817/817/817
f 816/816/816 818/818/818 819/819/819
f 818/818/818 820/820/820 821/821/821
f 822/822/822 823/823/823 821/821/821
f 824/824/824 825/825/825 823/823/823
f 826/826/826 827/827/827 825/825/825
f 828/828/828 829/829/829 827/827/827
f 830/830/830 831/831/831 829/829/829
f 832/832/832 833/833/833 834/834/834
f 835/835/835 836/836/836 837/837/837
f 838/838/838 839/839/839 840/840/840
f 841/841/841 842/842/842 843/843/843
f 844/844/844 845/845/845 846/846/846
f 847/847/847 848/848/848 849/849/849
f 850/850/850 851/851/851 849/849/849
f 852/852/852 844/844/844 851/851/851
f 853/853/853 845/845/845 844/844/844
f 854/854/854 842/842/842 841/841/841
f 855/855/855 856/856/856 854/854/854
f 857/857/857 858/858/858 859/859/859
f 860/860/860 861/861/861 859/859/859
f 860/860/860 862/862/862 863/863/863
f 864/864/864 865/865/865 862/862/862
f 866/866/866 867/867/867 868/868/868
f 867/867/867 869/869/869 870/870/870
f 871/871/871 872/872/872 869/869/869
f 873/873/873 874/874/874 871/871/871
f 875/875/875 872/872/872 871/871/871
f 876/876/876 865/865/865 864/864/864
f 877/877/877 856/856/856 855/855/855
f 878/878/878 879/879/879 839/839/839
f 880/880/880 881/881/881 882/882/882
f 883/883/883 884/884/884 880/880/880
f 885/885/885 886/886/886 883/883/883
f 887/887/887 884/884/884 883/883/883
f 888/888/888 889/889/889 884/884/884
f 890/890/890 891/891/891 888/888/888
f 892/892/892 893/893/893 894/894/894
f 893/893/893 895/895/895 896/896/896
f 895/895/895 897/897/897 898/898/898
f 899/899/899 900/900/900 897/897/897
f 901/901/901 902/902/902 903/903/903
f 902/902/902 904/904/904 905/905/905
f 904/904/904 906/906/906 907/907/907
f 908/908/908 909/909/909 906/906/906
f 910/910/910 911/911/911 912/912/912
f 913/913/913 914/914/914 911/911/911
f 915/915/915 916/916/916 913/913/913
f 917/917/917 914/914/914 913/913/913
f 918/918/918 919/919/919 908/908/908
f 920/920/920 921/921/921 922/922/922
f 923/923/923 924/924/924 925/925/925
f 926/926/926 927/927/927 928/928/928
f 929/929/929 923/923/923 928/928/928
f 930/930/930 924/924/924 923/923/923
f 931/931/931 921/921/921 920/920/920
f 932/932/932 919/919/919 918/918/918
f 933/933/933 900/900/900 899/899/899
f 934/934/934 935/935/935 894/894/894
f 936/936/936 937/937/937 938/938/938
f 939/939/939 940/940/940 941/941/941
f 942/942/942 943/943/943 944/944/944
f 945/945/945 946/946/946 943/943/943
f 947/947/947 948/948/948 945/945/945
f 949/949/949 946/946/946 945/945/945
f 950/950/950 940/940/940 939/939/939
f 951/951/951 952/952/952 953/953/953
f 954/954/954 936/936/936 952/952/952
f 955/955/955 937/937/937 936/936/936
f 956/956/956 935/935/935 934/934/934
f 957/957/957 882/882/882 881/881/881
f 958/958/958 878/878/878 959/959/959
f 958/958/958 960/960/960 840/840/840
f 837/837/837 836/836/836 960/960/960
f 834/834/834 833/833/833 961/961/961
f 819/819/819 821/821/821 962/962/962
f 963/963/963 740/740/740 739/739/739
f 964/964/964 737/737/737 736/736/736
f 965/965/965 734/734/734 733/733/733
f 966/966/966 731/731/731 730/730/730
f 967/967/967 968/968/968 731/731/731
f 968/968/968 967/967/967 969/969/969
f 968/968/968 969/969/969 970/970/970
f 971/971/971 972/972/972 973/973/973
f 974/974/974 975/975/975 973/973/973
f 976/976/976 977/977/977 975/975/975
f 978/978/978 979/979/979 977/977/977
f 667/667/667 970/970/970 979/979/979
f 970/970/970 667/667/667 669/669/669
f 669/669/669 980/980/980 970/970/970
f 671/671/671 669/669/669 668/668/668
f 673/673/673 671/671/671 670/670/670
f 670/670/670 676/676/676 672/672/672
f 675/675/675 672/672/672 676/676/676
f 686/686/686 674/674/674 676/676/676
f 687/687/687 686/686/686 676/676/676
f 676/676/676 677/677/677 687/687/687
f 679/679/679 687/687/687 677/677/677
f 681/681/681 679/679/679 678/678/678
f 678/678/678 682/682/682 680/680/680
f 680/680/680 683/683/683 684/684/684
f 685/685/685 687/687/687 679/679/679
f 685/685/685 679/679/679 681/681/681
f 681/681/681 684/684/684 685/685/685
f 686/686/686 685/685/685 688/688/688
f 674/674/674 688/688/688 689/689/689
f 691/691/691 673/673/673 672/672/672
f 690/690/690 672/672/672 675/675/675
f 675/675/675 689/689/689 690/690/690
f 693/693/693 691/691/691 690/690/690
f 695/695/695 693/693/693 692/692/692
f 980/980/980 669/669/669 698/698/698
f 725/725/725 697/697/697 669/669/669
f 698/698/698 981/981/981 980/980/980
f 722/722/722 725/725/725 669/669/669
f 723/723/723 722/722/722 669/669/669
f 701/701/701 723/723/723 669/669/669
f 701/701/701 669/669/669 671/671/671
f 701/701/701 671/671/671 673/673/673
f 701/701/701 673/673/673 691/691/691
f 701/701/701 691/691/691 693/693/693
f 701/701/701 693/693/693 695/695/695
f 695/695/695 696/696/696 701/701/701
f 700/700/700 723/723/723 701/701/701
f 701/701/701 702/702/702 699/699/699
f 704/704/704 699/699/699 702/702/702
f 706/706/706 704/704/704 703/703/703
f 703/703/703 709/709/709 705/705/705
f 708/708/708 705/705/705 709/709/709
f 709/709/709 710/710/710 707/707/707
f 712/712/712 708/708/708 707/707/707
f 705/705/705 708/708/708 714/714/714
f 708/708/708 712/712/712 713/713/713
f 714/714/714 706/706/706 705/705/705
f 716/716/716 714/714/714 713/713/713
f 718/718/718 716/716/716 715/715/715
f 720/720/720 699/699/699 704/704/704
f 720/720/720 704/704/704 706/706/706
f 720/720/720 706/706/706 714/714/714
f 720/720/720 714/714/714 716/716/716
f 720/720/720 716/716/716 718/718/718
f 718/718/718 719/719/719 720/720/720
f 721/721/721 723/723/723 700/700/700
f 700/700/700 720/720/720 721/721/721
f 722/722/722 721/721/721 724/724/724
f 725/725/725 724/724/724 726/726/726
f 697/697/697 726/726/726 727/727/727
f 729/729/729 981/981/981 698/698/698
f 732/732/732 728/728/728 698/698/698
f 698/698/698 727/727/727 732/732/732
f 731/731/731 728/728/728 732/732/732
f 732/732/732 735/735/735 730/730/730
f 734/734/734 730/730/730 735/735/735
f 735/735/735 738/738/738 733/733/733
f 737/737/737 733/733/733 738/738/738
f 738/738/738 741/741/741 736/736/736
f 740/740/740 736/736/736 741/741/741
f 741/741/741 742/742/742 739/739/739
f 744/744/744 739/739/739 742/742/742
f 743/743/743 745/745/745 747/747/747
f 747/747/747 744/744/744 743/743/743
f 749/749/749 746/746/746 745/745/745
f 749/749/749 748/748/748 750/750/750
f 751/751/751 750/750/750 752/752/752
f 753/753/753 752/752/752 755/755/755
f 755/755/755 982/982/982 753/753/753
f 758/758/758 982/982/982 755/755/755
f 755/755/755 756/756/756 757/757/757
f 758/758/758 757/757/757 760/760/760
f 760/760/760 983/983/983 758/758/758
f 762/762/762 760/760/760 759/759/759
f 759/759/759 763/763/763 761/761/761
f 765/765/765 761/761/761 763/763/763
f 767/767/767 761/761/761 765/765/765
f 765/765/765 766/766/766 767/767/767
f 760/760/760 762/762/762 769/769/769
f 762/762/762 767/767/767 768/768/768
f 769/769/769 983/983/983 760/760/760
f 768/768/768 771/771/771 770/770/770
f 773/773/773 770/770/770 771/771/771
f 775/775/775 773/773/773 772/772/772
f 777/777/777 775/775/775 774/774/774
f 779/779/779 777/777/777 776/776/776
f 781/781/781 779/779/779 778/778/778
f 783/783/783 781/781/781 780/780/780
f 785/785/785 783/783/783 782/782/782
f 787/787/787 785/785/785 784/784/784
f 787/787/787 786/786/786 788/788/788
f 790/790/790 789/789/789 788/788/788
f 798/798/798 790/790/790 788/788/788
f 796/796/796 798/798/798 788/788/788
f 794/794/794 796/796/796 788/788/788
f 788/788/788 792/792/792 794/794/794
f 794/794/794 793/793/793 795/795/795
f 796/796/796 795/795/795 797/797/797
f 798/798/798 797/797/797 799/799/799
f 801/801/801 791/791/791 790/790/790
f 790/790/790 799/799/799 800/800/800
f 803/803/803 801/801/801 800/800/800
f 805/805/805 803/803/803 802/802/802
f 807/807/807 805/805/805 804/804/804
f 808/808/808 807/807/807 806/806/806
f 806/806/806 810/810/810 808/808/808
f 813/813/813 809/809/809 808/808/808
f 808/808/808 811/811/811 812/812/812
f 815/815/815 813/813/813 812/812/812
f 817/817/817 815/815/815 814/814/814
f 819/819/819 817/817/817 816/816/816
f 821/821/821 819/819/819 818/818/818
f 821/821/821 820/820/820 822/822/822
f 823/823/823 822/822/822 824/824/824
f 825/825/825 824/824/824 826/826/826
f 827/827/827 826/826/826 828/828/828
f 829/829/829 828/828/828 830/830/830
f 832/832/832 834/834/834 831/831/831
f 831/831/831 830/830/830 832/832/832
f 835/835/835 837/837/837 833/833/833
f 833/833/833 832/832/832 835/835/835
f 839/839/839 879/879/879 840/840/840
f 838/838/838 840/840/840 835/835/835
f 840/840/840 836/836/836 835/835/835
f 835/835/835 843/843/843 838/838/838
f 842/842/842 838/838/838 843/843/843
f 843/843/843 846/846/846 841/841/841
f 845/845/845 841/841/841 846/846/846
f 851/851/851 844/844/844 846/846/846
f 849/849/849 851/851/851 846/846/846
f 846/846/846 847/847/847 849/849/849
f 849/849/849 848/848/848 850/850/850
f 851/851/851 850/850/850 852/852/852
f 844/844/844 852/852/852 853/853/853
f 854/854/854 841/841/841 845/845/845
f 845/845/845 853/853/853 854/854/854
f 842/842/842 854/854/854 856/856/856
f 861/861/861 855/855/855 854/854/854
f 838/838/838 842/842/842 856/856/856
f 856/856/856 839/839/839 838/838/838
f 859/859/859 861/861/861 854/854/854
f 854/854/854 857/857/857 859/859/859
f 859/859/859 858/858/858 860/860/860
f 861/861/861 860/860/860 863/863/863
f 863/863/863 855/855/855 861/861/861
f 865/865/865 863/863/863 862/862/862
f 862/862/862 866/866/866 864/864/864
f 868/868/868 864/864/864 866/866/866
f 870/870/870 868/868/868 867/867/867
f 872/872/872 870/870/870 869/869/869
f 869/869/869 873/873/873 871/871/871
f 871/871/871 874/874/874 875/875/875
f 876/876/876 864/864/864 868/868/868
f 876/876/876 868/868/868 870/870/870
f 876/876/876 870/870/870 872/872/872
f 872/872/872 875/875/875 876/876/876
f 877/877/877 855/855/855 863/863/863
f 877/877/877 863/863/863 865/865/865
f 865/865/865 876/876/876 877/877/877
f 878/878/878 839/839/839 984/984/984
f 984/984/984 839/839/839 856/856/856
f 984/984/984 959/959/959 878/878/878
f 856/856/856 877/877/877 984/984/984
f 984/984/984 880/880/880 882/882/882
f 882/882/882 959/959/959 984/984/984
f 881/881/881 880/880/880 884/884/884
f 880/880/880 885/885/885 883/883/883
f 884/884/884 985/985/985 881/881/881
f 883/883/883 886/886/886 887/887/887
f 889/889/889 985/985/985 884/884/884
f 884/884/884 887/887/887 888/888/888
f 891/891/891 889/889/889 888/888/888
f 888/888/888 892/892/892 890/890/890
f 894/894/894 890/890/890 892/892/892
f 896/896/896 894/894/894 893/893/893
f 898/898/898 896/896/896 895/895/895
f 900/900/900 898/898/898 897/897/897
f 897/897/897 901/901/901 899/899/899
f 903/903/903 899/899/899 901/901/901
f 905/905/905 903/903/903 902/902/902
f 907/907/907 905/905/905 904/904/904
f 909/909/909 907/907/907 906/906/906
f 906/906/906 910/910/910 908/908/908
f 912/912/912 908/908/908 910/910/910
f 914/914/914 912/912/912 911/911/911
f 911/911/911 915/915/915 913/913/913
f 913/913/913 916/916/916 917/917/917
f 919/919/919 909/909/909 908/908/908
f 922/922/922 918/918/918 908/908/908
f 922/922/922 908/908/908 912/912/912
f 922/922/922 912/912/912 914/914/914
f 914/914/914 917/917/917 922/922/922
f 921/921/921 918/918/918 922/922/922
f 922/922/922 925/925/925 920/920/920
f 924/924/924 920/920/920 925/925/925
f 928/928/928 923/923/923 925/925/925
f 925/925/925 926/926/926 928/928/928
f 928/928/928 927/927/927 929/929/929
f 923/923/923 929/929/929 930/930/930
f 931/931/931 920/920/920 924/924/924
f 924/924/924 930/930/930 931/931/931
f 932/932/932 918/918/918 921/921/921
f 921/921/921 931/931/931 932/932/932
f 933/933/933 899/899/899 903/903/903
f 933/933/933 903/903/903 905/905/905
f 933/933/933 905/905/905 907/907/907
f 933/933/933 907/907/907 909/909/909
f 933/933/933 909/909/909 919/919/919
f 919/919/919 932/932/932 933/933/933
f 890/890/890 894/894/894 935/935/935
f 938/938/938 934/934/934 894/894/894
f 935/935/935 891/891/891 890/890/890
f 938/938/938 894/894/894 896/896/896
f 938/938/938 896/896/896 898/898/898
f 933/933/933 938/938/938 898/898/898
f 898/898/898 900/900/900 933/933/933
f 937/937/937 934/934/934 938/938/938
f 952/952/952 936/936/936 938/938/938
f 953/953/953 952/952/952 938/938/938
f 938/938/938 941/941/941 953/953/953
f 940/940/940 953/953/953 941/941/941
f 941/941/941 942/942/942 939/939/939
f 944/944/944 939/939/939 942/942/942
f 946/946/946 944/944/944 943/943/943
f 943/943/943 947/947/947 945/945/945
f 945/945/945 948/948/948 949/949/949
f 950/950/950 939/939/939 944/944/944
f 950/950/950 944/944/944 946/946/946
f 946/946/946 949/949/949 950/950/950
f 951/951/951 953/953/953 940/940/940
f 940/940/940 950/950/950 951/951/951
f 952/952/952 951/951/951 954/954/954
f 936/936/936 954/954/954 955/955/955
f 956/956/956 934/934/934 937/937/937
f 937/937/937 955/955/955 956/956/956
f 957/957/957 881/881/881 985/985/985
f 957/957/957 985/985/985 889/889/889
f 957/957/957 889/889/889 891/891/891
f 957/957/957 891/891/891 935/935/935
f 935/935/935 956/956/956 957/957/957
f 957/957/957 958/958/958 959/959/959
f 959/959/959 882/882/882 957/957/957
f 958/958/958 840/840/840 879/879/879
f 879/879/879 878/878/878 958/958/958
f 836/836/836 840/840/840 960/960/960
f 960/960/960 961/961/961 837/837/837
f 833/833/833 837/837/837 961/961/961
f 961/961/961 962/962/962 834/834/834
f 962/962/962 821/821/821 823/823/823
f 819/819/819 962/962/962 986/986/986
f 962/962/962 823/823/823 825/825/825
f 962/962/962 825/825/825 827/827/827
f 962/962/962 827/827/827 829/829/829
f 962/962/962 829/829/829 831/831/831
f 831/831/831 834/834/834 962/962/962
f 817/817/817 819/819/819 986/986/986
f 815/815/815 817/817/817 986/986/986
f 813/813/813 815/815/815 986/986/986
f 809/809/809 813/813/813 986/986/986
f 807/807/807 809/809/809 986/986/986
f 805/805/805 807/807/807 986/986/986
f 803/803/803 805/805/805 986/986/986
f 801/801/801 803/803/803 986/986/986
f 791/791/791 801/801/801 986/986/986
f 789/789/789 791/791/791 986/986/986
f 787/787/787 789/789/789 986/986/986
f 785/785/785 787/787/787 986/986/986
f 783/783/783 785/785/785 986/986/986
f 781/781/781 783/783/783 986/986/986
f 779/779/779 781/781/781 986/986/986
f 777/777/777 779/779/779 986/986/986
f 775/775/775 777/777/777 986/986/986
f 773/773/773 775/775/775 986/986/986
f 770/770/770 773/773/773 986/986/986
f 769/769/769 770/770/770 986/986/986
f 983/983/983 769/769/769 986/986/986
f 758/758/758 983/983/983 986/986/986
f 982/982/982 758/758/758 986/986/986
f 753/753/753 982/982/982 986/986/986
f 751/751/751 753/753/753 986/986/986
f 749/749/749 751/751/751 986/986/986
f 746/746/746 749/749/749 986/986/986
f 986/986/986 747/747/747 746/746/746
f 963/963/963 739/739/739 744/744/744
f 986/986/986 963/963/963 744/744/744
f 744/744/744 747/747/747 986/986/986
f 964/964/964 736/736/736 740/740/740
f 740/740/740 963/963/963 964/964/964
f 965/965/965 733/733/733 737/737/737
f 737/737/737 964/964/964 965/965/965
f 966/966/966 730/730/730 734/734/734
f 734/734/734 965/965/965 966/966/966
f 728/728/728 731/731/731 968/968/968
f 731/731/731 966/966/966 967/967/967
f 968/968/968 729/729/729 728/728/728
f 979/979/979 970/970/970 969/969/969
f 968/968/968 970/970/970 980/980/980
f 977/977/977 979/979/979 969/969/969
f 975/975/975 977/977/977 969/969/969
f 973/973/973 975/975/975 969/969/969
f 969/969/969 971/971/971 973/973/973
f 968/968/968 980/980/980 981/981/981
f 981/981/981 729/729/729 968/968/968
f 973/973/973 972/972/972 974/974/974
f 975/975/975 974/974/974 976/976/976
f 977/977/977 976/976/976 978/978/978
f 979/979/979 978/978/978 667/667/667
